CHANNEL2,AGE,GENDER,PROVINCE,RACE,total_viewers,avg_duration_minutes,total_views_PerChannel,avg_duration,Viewers_Per_Race
ICC Cricket World Cup 2011,0,None,None,None,40,1.75754993496E9,50,1.75754993496E9,50
Supersport Live Events,0,None,None,None,28,1.7575492229375E9,32,1.7575492229375E9,32
Channel O,0,None,None,None,25,1.757549632E9,27,1.757549632E9,27
SuperSport Blitz,0,None,None,None,25,1.7575490655E9,28,1.7575490655E9,28
Cartoon Network,0,None,None,None,19,1.7575491071052632E9,19,1.7575491071052632E9,19
Trace TV,0,None,None,None,16,1.7575489844117646E9,17,1.7575489844117646E9,17
E! Entertainment,0,None,None,None,15,1.7575490018666666E9,15,1.7575490018666666E9,15
ICC Cricket World Cup 2011,32,male,Gauteng,indian_asian,15,1.7575505622857144E9,28,1.7575505622857144E9,28
Channel O,34,male,Gauteng,black,13,1.7575500263076923E9,13,1.7575500263076923E9,13
Africa Magic,0,None,None,None,12,1.75754904575E9,12,1.75754904575E9,12
Supersport Live Events,27,male,Gauteng,black,12,1.7575492916666667E9,18,1.7575492916666667E9,18
Boomerang,0,None,None,None,12,1.7575493161333334E9,15,1.7575493161333334E9,15
SawSee,0,None,None,None,12,1.7575488773333333E9,12,1.7575488773333333E9,12
Channel O,25,male,Gauteng,black,12,1.7575493366E9,15,1.7575493366E9,15
Trace TV,30,male,Gauteng,black,10,1.757549332E9,12,1.757549332E9,12
Cartoon Network,25,male,Gauteng,black,10,1.7575489704615386E9,13,1.7575489704615386E9,13
Trace TV,26,male,Western Cape,coloured,10,1.7575491825E9,12,1.7575491825E9,12
CNN,0,None,None,None,10,1.7575491913E9,10,1.7575491913E9,10
Supersport Live Events,34,male,Western Cape,coloured,10,1.757549334E9,13,1.757549334E9,13
Supersport Live Events,32,male,Western Cape,coloured,10,1.757549115857143E9,14,1.757549115857143E9,14
ICC Cricket World Cup 2011,25,male,Gauteng,indian_asian,10,1.7575493796666667E9,18,1.7575493796666667E9,18
ICC Cricket World Cup 2011,31,male,Gauteng,indian_asian,9,1.7575496110769231E9,13,1.7575496110769231E9,13
Channel O,27,male,Gauteng,black,9,1.7575499912608695E9,23,1.7575499912608695E9,23
Channel O,32,male,Gauteng,black,9,1.7575496274E9,15,1.7575496274E9,15
SuperSport Blitz,27,male,Gauteng,black,9,1.7575497384444444E9,9,1.7575497384444444E9,9
Supersport Live Events,31,male,Gauteng,black,9,1.7575499986666667E9,12,1.7575499986666667E9,12
ICC Cricket World Cup 2011,36,male,Gauteng,indian_asian,9,1.7575497856470587E9,17,1.7575497856470587E9,17
Africa Magic,32,male,Gauteng,black,9,1.757549067857143E9,14,1.757549067857143E9,14
Trace TV,29,male,Gauteng,black,9,1.7575490604E9,10,1.7575490604E9,10
Trace TV,28,male,Gauteng,black,9,1.7575505833636363E9,11,1.7575505833636363E9,11
ICC Cricket World Cup 2011,30,male,Gauteng,indian_asian,9,1.757550797E9,14,1.757550797E9,14
ICC Cricket World Cup 2011,34,male,Gauteng,indian_asian,9,1.7575513994545455E9,11,1.7575513994545455E9,11
Supersport Live Events,30,male,Western Cape,coloured,9,1.7575489231764705E9,17,1.7575489231764705E9,17
Trace TV,37,male,Gauteng,black,9,1.757549080090909E9,11,1.757549080090909E9,11
Trace TV,28,male,Western Cape,coloured,9,1.757549506909091E9,11,1.757549506909091E9,11
Channel O,24,male,Mpumalanga,black,9,1.7575491821666667E9,18,1.7575491821666667E9,18
ICC Cricket World Cup 2011,29,male,Gauteng,indian_asian,9,1.7575496296363637E9,11,1.7575496296363637E9,11
Africa Magic,34,male,Gauteng,black,9,1.75754893075E9,12,1.75754893075E9,12
Supersport Live Events,25,male,Gauteng,black,9,1.7575494945454545E9,11,1.7575494945454545E9,11
Supersport Live Events,40,male,Gauteng,black,8,1.7575492385454545E9,22,1.7575492385454545E9,22
ICC Cricket World Cup 2011,44,male,Western Cape,coloured,8,1.7575496175555556E9,9,1.7575496175555556E9,9
ICC Cricket World Cup 2011,27,male,Limpopo,indian_asian,8,1.7575497414285715E9,14,1.7575497414285715E9,14
Supersport Live Events,36,male,Western Cape,coloured,8,1.7575497535384614E9,13,1.7575497535384614E9,13
Supersport Live Events,33,male,Gauteng,black,8,1.7575490548888888E9,9,1.7575490548888888E9,9
Trace TV,25,male,Gauteng,black,8,1.7575497279230769E9,13,1.7575497279230769E9,13
Supersport Live Events,32,male,Gauteng,black,8,1.7575490318823528E9,17,1.7575490318823528E9,17
Channel O,36,male,Gauteng,black,8,1.7575492726666667E9,9,1.7575492726666667E9,9
Channel O,35,male,Gauteng,black,8,1.757549122E9,9,1.757549122E9,9
ICC Cricket World Cup 2011,35,male,Western Cape,coloured,8,1.7575494078333333E9,12,1.7575494078333333E9,12
Cartoon Network,25,male,Western Cape,coloured,8,1.757549003375E9,8,1.757549003375E9,8
ICC Cricket World Cup 2011,31,male,Limpopo,indian_asian,8,1.7575494797777777E9,9,1.7575494797777777E9,9
Channel O,29,male,Gauteng,black,8,1.7575496566666667E9,9,1.7575496566666667E9,9
Africa Magic,26,male,Mpumalanga,black,8,1.7575492132E9,10,1.7575492132E9,10
Channel O,26,male,Gauteng,black,8,1.7575504653333333E9,9,1.7575504653333333E9,9
Channel O,30,male,Gauteng,black,8,1.7575502372E9,15,1.7575502372E9,15
ICC Cricket World Cup 2011,38,male,Gauteng,indian_asian,8,1.757550037E9,16,1.757550037E9,16
SuperSport Blitz,32,male,Gauteng,black,8,1.7575490889166667E9,12,1.7575490889166667E9,12
Africa Magic,30,male,Gauteng,black,7,1.7575489900833333E9,12,1.7575489900833333E9,12
Africa Magic,39,male,Gauteng,black,7,1.7575492979333334E9,15,1.7575492979333334E9,15
Cartoon Network,43,male,Western Cape,coloured,7,1.75754921375E9,8,1.75754921375E9,8
ICC Cricket World Cup 2011,24,male,Gauteng,indian_asian,7,1.75755048725E9,8,1.75755048725E9,8
Channel O,37,male,Gauteng,black,7,1.7575499713333333E9,9,1.7575499713333333E9,9
Supersport Live Events,45,male,Gauteng,black,7,1.75754958925E9,8,1.75754958925E9,8
ICC Cricket World Cup 2011,26,male,Gauteng,indian_asian,7,1.7575512772727273E9,11,1.7575512772727273E9,11
DStv Events 1,0,None,None,None,7,1.7575489457142856E9,7,1.7575489457142856E9,7
ICC Cricket World Cup 2011,28,male,Gauteng,indian_asian,7,1.7575513010666666E9,15,1.7575513010666666E9,15
ICC Cricket World Cup 2011,26,male,Limpopo,indian_asian,7,1.7575502121666667E9,12,1.7575502121666667E9,12
ICC Cricket World Cup 2011,39,male,Gauteng,indian_asian,7,1.757550108909091E9,11,1.757550108909091E9,11
ICC Cricket World Cup 2011,33,male,Gauteng,indian_asian,7,1.7575504682857144E9,7,1.7575504682857144E9,7
CNN,34,male,Gauteng,black,7,1.7575494805294118E9,17,1.7575494805294118E9,17
ICC Cricket World Cup 2011,31,male,Gauteng,black,7,1.7575498081818182E9,11,1.7575498081818182E9,11
Trace TV,22,male,Gauteng,black,7,1.757549583375E9,8,1.757549583375E9,8
Channel O,31,male,Gauteng,black,7,1.7575496110714285E9,14,1.7575496110714285E9,14
ICC Cricket World Cup 2011,27,male,Gauteng,indian_asian,7,1.7575492450666666E9,15,1.7575492450666666E9,15
SuperSport Blitz,32,male,Western Cape,coloured,7,1.757549358142857E9,7,1.757549358142857E9,7
Supersport Live Events,43,male,Western Cape,coloured,7,1.7575511034545455E9,11,1.7575511034545455E9,11
Trace TV,33,male,Gauteng,black,7,1.757549075625E9,8,1.757549075625E9,8
Trace TV,27,male,Mpumalanga,black,7,1.7575496531538463E9,13,1.7575496531538463E9,13
ICC Cricket World Cup 2011,29,male,Limpopo,indian_asian,7,1.7575497465E9,12,1.7575497465E9,12
ICC Cricket World Cup 2011,36,male,Western Cape,coloured,7,1.7575492384E9,15,1.7575492384E9,15
Channel O,28,male,Gauteng,black,7,1.7575490592857144E9,14,1.7575490592857144E9,14
Supersport Live Events,23,male,Gauteng,black,7,1.7575488342857144E9,7,1.7575488342857144E9,7
Supersport Live Events,30,male,Gauteng,indian_asian,7,1.757549786E9,7,1.757549786E9,7
Cartoon Network,26,male,Western Cape,coloured,7,1.7575488528888888E9,9,1.7575488528888888E9,9
Supersport Live Events,41,male,Gauteng,black,7,1.7575488445714285E9,7,1.7575488445714285E9,7
Channel O,22,male,Gauteng,black,7,1.7575501196666667E9,9,1.7575501196666667E9,9
ICC Cricket World Cup 2011,33,male,Gauteng,white,6,1.757549961E9,6,1.757549961E9,6
SuperSport Blitz,42,male,Gauteng,black,6,1.7575490805E9,8,1.7575490805E9,8
ICC Cricket World Cup 2011,30,male,Gauteng,white,6,1.7575505253333333E9,9,1.7575505253333333E9,9
Trace TV,33,male,Kwazulu Natal,black,6,1.757549079857143E9,7,1.757549079857143E9,7
E! Entertainment,22,male,Gauteng,black,6,1.757548942E9,7,1.757548942E9,7
Supersport Live Events,33,male,Western Cape,coloured,6,1.7575499001666667E9,12,1.7575499001666667E9,12
ICC Cricket World Cup 2011,24,male,Limpopo,indian_asian,6,1.7575496522222223E9,9,1.7575496522222223E9,9
ICC Cricket World Cup 2011,22,male,Gauteng,indian_asian,6,1.757549561E9,16,1.757549561E9,16
Africa Magic,33,male,Gauteng,black,6,1.757549082E9,9,1.757549082E9,9
Trace TV,31,male,Gauteng,black,6,1.7575489758E9,10,1.7575489758E9,10
Channel O,27,male,Mpumalanga,black,6,1.7575492095E9,10,1.7575492095E9,10
Channel O,28,male,Western Cape,coloured,6,1.7575492362E9,10,1.7575492362E9,10
ICC Cricket World Cup 2011,30,male,Limpopo,indian_asian,6,1.7575495253333333E9,6,1.7575495253333333E9,6
E! Entertainment,30,male,Gauteng,black,6,1.757548925E9,6,1.757548925E9,6
Supersport Live Events,32,male,Gauteng,indian_asian,6,1.757550652E9,7,1.757550652E9,7
Channel O,44,male,Gauteng,black,6,1.7575496035714285E9,7,1.7575496035714285E9,7
Cartoon Network,27,male,Gauteng,black,6,1.7575489148888888E9,9,1.7575489148888888E9,9
SuperSport Blitz,36,male,Western Cape,coloured,6,1.7575492235E9,6,1.7575492235E9,6
ICC Cricket World Cup 2011,33,male,Gauteng,black,6,1.75754946475E9,8,1.75754946475E9,8
Supersport Live Events,28,male,Western Cape,coloured,6,1.75754895825E9,8,1.75754895825E9,8
ICC Cricket World Cup 2011,47,male,Gauteng,white,6,1.757549073142857E9,7,1.757549073142857E9,7
Africa Magic,31,male,Gauteng,black,6,1.7575492039E9,10,1.7575492039E9,10
Cartoon Network,27,male,Western Cape,coloured,6,1.7575492048333333E9,6,1.7575492048333333E9,6
Africa Magic,24,male,Mpumalanga,black,6,1.7575490195714285E9,7,1.7575490195714285E9,7
Africa Magic,42,male,Gauteng,black,6,1.7575489343333333E9,9,1.7575489343333333E9,9
Supersport Live Events,45,male,Gauteng,white,6,1.7575491616666667E9,6,1.7575491616666667E9,6
Boomerang,28,male,Gauteng,black,6,1.7575490813636363E9,11,1.7575490813636363E9,11
Africa Magic,33,male,Mpumalanga,black,6,1.7575488712857144E9,7,1.7575488712857144E9,7
Cartoon Network,36,male,Gauteng,black,6,1.7575488645E9,6,1.7575488645E9,6
Supersport Live Events,37,male,Gauteng,black,6,1.757548909E9,6,1.757548909E9,6
Channel O,33,male,Gauteng,black,6,1.7575495533333333E9,9,1.7575495533333333E9,9
Cartoon Network,22,male,Gauteng,black,6,1.757549164875E9,8,1.757549164875E9,8
Trace TV,23,male,Western Cape,coloured,6,1.757549109E9,7,1.757549109E9,7
Cartoon Network,30,male,Gauteng,black,6,1.7575489004285715E9,7,1.7575489004285715E9,7
Trace TV,32,male,Gauteng,black,6,1.757549537625E9,8,1.757549537625E9,8
Supersport Live Events,31,male,Gauteng,indian_asian,6,1.7575511E9,9,1.7575511E9,9
Africa Magic,36,male,Gauteng,black,6,1.7575489258888888E9,9,1.7575489258888888E9,9
Trace TV,27,male,Gauteng,black,6,1.757551716E9,7,1.757551716E9,7
Supersport Live Events,35,male,Western Cape,coloured,6,1.7575497584E9,15,1.7575497584E9,15
Cartoon Network,37,male,Gauteng,black,6,1.7575489065E9,6,1.7575489065E9,6
SuperSport Blitz,27,male,Mpumalanga,black,6,1.757549071142857E9,7,1.757549071142857E9,7
Supersport Live Events,26,male,Western Cape,coloured,6,1.7575489434285715E9,7,1.7575489434285715E9,7
Africa Magic,37,male,Gauteng,black,6,1.757548887857143E9,7,1.757548887857143E9,7
ICC Cricket World Cup 2011,35,male,Limpopo,indian_asian,6,1.7575493621538463E9,13,1.7575493621538463E9,13
Supersport Live Events,31,male,Gauteng,white,5,1.7575490992E9,10,1.7575490992E9,10
SuperSport Blitz,36,male,Gauteng,black,5,1.7575491085714285E9,7,1.7575491085714285E9,7
ICC Cricket World Cup 2011,27,male,Western Cape,coloured,5,1.757548992E9,6,1.757548992E9,6
Supersport Live Events,24,male,Limpopo,black,5,1.7575490256E9,5,1.7575490256E9,5
SuperSport Blitz,38,male,Gauteng,indian_asian,5,1.7575488823333333E9,6,1.7575488823333333E9,6
E! Entertainment,32,male,Gauteng,black,5,1.7575489563333333E9,6,1.7575489563333333E9,6
Supersport Live Events,30,male,Gauteng,black,5,1.7575491062222223E9,9,1.7575491062222223E9,9
Trace TV,26,male,Gauteng,black,5,1.7575488696E9,5,1.7575488696E9,5
Channel O,29,male,Kwazulu Natal,black,5,1.757549474625E9,8,1.757549474625E9,8
ICC Cricket World Cup 2011,35,male,Kwazulu Natal,indian_asian,5,1.757549026E9,5,1.757549026E9,5
ICC Cricket World Cup 2011,38,male,Gauteng,white,5,1.7575492455E9,8,1.7575492455E9,8
Boomerang,25,male,Gauteng,black,5,1.7575492635E9,6,1.7575492635E9,6
Africa Magic,29,male,Gauteng,black,5,1.7575488587E9,10,1.7575488587E9,10
ICC Cricket World Cup 2011,34,male,Limpopo,indian_asian,5,1.7575489993333333E9,6,1.7575489993333333E9,6
E! Entertainment,29,male,Gauteng,black,5,1.7575489124E9,5,1.7575489124E9,5
Supersport Live Events,29,male,Gauteng,white,5,1.757549162E9,8,1.757549162E9,8
SuperSport Blitz,27,male,Gauteng,indian_asian,5,1.7575492073333333E9,6,1.7575492073333333E9,6
Boomerang,32,male,Gauteng,black,5,1.757549469E9,6,1.757549469E9,6
Trace TV,44,male,Gauteng,black,5,1.7575495395E9,6,1.7575495395E9,6
ICC Cricket World Cup 2011,28,male,Limpopo,indian_asian,5,1.7575492513333333E9,9,1.7575492513333333E9,9
Supersport Live Events,24,male,Mpumalanga,black,5,1.757548962E9,6,1.757548962E9,6
ICC Cricket World Cup 2011,29,male,Western Cape,coloured,5,1.757549026E9,7,1.757549026E9,7
Trace TV,30,male,Western Cape,coloured,5,1.757549079E9,8,1.757549079E9,8
Cartoon Network,28,male,Kwazulu Natal,indian_asian,5,1.7575490596666667E9,6,1.7575490596666667E9,6
Boomerang,27,male,Gauteng,black,5,1.7575494251818182E9,11,1.7575494251818182E9,11
Cartoon Network,20,male,Gauteng,black,5,1.7575492481666667E9,6,1.7575492481666667E9,6
Supersport Live Events,36,male,Gauteng,black,5,1.7575491976666667E9,6,1.7575491976666667E9,6
Channel O,36,male,Western Cape,coloured,5,1.7575489488E9,5,1.7575489488E9,5
Supersport Live Events,32,male,Gauteng,white,5,1.75755098625E9,8,1.75755098625E9,8
Channel O,26,male,Western Cape,coloured,5,1.7575488675E9,8,1.7575488675E9,8
Trace TV,39,male,Western Cape,coloured,5,1.7575493346666667E9,9,1.7575493346666667E9,9
Trace TV,29,male,Kwazulu Natal,black,5,1.757549011125E9,8,1.757549011125E9,8
CNN,45,male,Gauteng,black,5,1.7575494597333333E9,15,1.7575494597333333E9,15
ICC Cricket World Cup 2011,27,male,Gauteng,black,5,1.7575513525714285E9,7,1.7575513525714285E9,7
SuperSport Blitz,35,male,Western Cape,coloured,5,1.757551014E9,5,1.757551014E9,5
Supersport Live Events,29,male,Gauteng,indian_asian,5,1.757550243E9,6,1.757550243E9,6
Supersport Live Events,28,male,Kwazulu Natal,black,5,1.757549616E9,8,1.757549616E9,8
Supersport Live Events,31,male,Limpopo,indian_asian,5,1.757549339E9,6,1.757549339E9,6
SawSee,35,male,Gauteng,black,5,1.7575490525E9,6,1.7575490525E9,6
Supersport Live Events,42,male,Gauteng,black,5,1.75754933E9,6,1.75754933E9,6
ICC Cricket World Cup 2011,37,male,Western Cape,coloured,5,1.7575491013333333E9,6,1.7575491013333333E9,6
Cartoon Network,33,male,Gauteng,black,5,1.7575489238888888E9,9,1.7575489238888888E9,9
Supersport Live Events,39,male,Western Cape,coloured,5,1.7575494416666667E9,6,1.7575494416666667E9,6
ICC Cricket World Cup 2011,36,male,Mpumalanga,indian_asian,5,1.7575504092E9,5,1.7575504092E9,5
SuperSport Blitz,34,male,Western Cape,coloured,5,1.7575489396E9,5,1.7575489396E9,5
SuperSport Blitz,23,male,Gauteng,black,5,1.7575489144E9,5,1.7575489144E9,5
Africa Magic,35,male,Gauteng,black,5,1.7575489492857144E9,7,1.7575489492857144E9,7
Supersport Live Events,25,male,Western Cape,coloured,5,1.7575491697142856E9,7,1.7575491697142856E9,7
Channel O,30,male,Western Cape,coloured,5,1.7575490754E9,5,1.7575490754E9,5
Cartoon Network,28,male,Gauteng,black,5,1.7575491283333333E9,6,1.7575491283333333E9,6
ICC Cricket World Cup 2011,30,male,Western Cape,coloured,5,1.757550656E9,8,1.757550656E9,8
Channel O,25,male,Eastern Cape,black,5,1.7575496604E9,5,1.7575496604E9,5
Trace TV,21,male,Gauteng,black,5,1.7575502143333333E9,9,1.7575502143333333E9,9
SuperSport Blitz,37,male,Gauteng,black,5,1.7575489676E9,5,1.7575489676E9,5
Supersport Live Events,39,male,Gauteng,indian_asian,5,1.7575489346666667E9,6,1.7575489346666667E9,6
Boomerang,32,male,Western Cape,coloured,5,1.7575489485714285E9,7,1.7575489485714285E9,7
Africa Magic,35,female,Gauteng,black,5,1.7575490551666667E9,6,1.7575490551666667E9,6
Boomerang,26,male,Western Cape,coloured,5,1.7575490677142856E9,7,1.7575490677142856E9,7
Africa Magic,27,male,Gauteng,black,5,1.757548876E9,6,1.757548876E9,6
Channel O,39,male,Gauteng,black,5,1.7575491852857144E9,7,1.7575491852857144E9,7
Supersport Live Events,24,male,Gauteng,white,5,1.757549630142857E9,14,1.757549630142857E9,14
SuperSport Blitz,29,male,Gauteng,black,5,1.7575490958333333E9,6,1.7575490958333333E9,6
ICC Cricket World Cup 2011,40,male,Western Cape,coloured,5,1.7575500244E9,5,1.7575500244E9,5
ICC Cricket World Cup 2011,40,male,Gauteng,black,5,1.7575499606666667E9,6,1.7575499606666667E9,6
Trace TV,23,male,Mpumalanga,black,5,1.757549545E9,6,1.757549545E9,6
Supersport Live Events,35,male,Limpopo,indian_asian,5,1.757549854857143E9,7,1.757549854857143E9,7
Africa Magic,30,male,Kwazulu Natal,black,5,1.7575489608E9,5,1.7575489608E9,5
Supersport Live Events,37,male,Western Cape,coloured,5,1.757549465142857E9,7,1.757549465142857E9,7
SuperSport Blitz,27,male,Western Cape,coloured,5,1.7575491966666667E9,6,1.7575491966666667E9,6
Supersport Live Events,34,male,Limpopo,indian_asian,5,1.7575488944444444E9,9,1.7575488944444444E9,9
Trace TV,25,male,Limpopo,black,5,1.7575490676666667E9,9,1.7575490676666667E9,9
Boomerang,31,male,Gauteng,black,5,1.757548868E9,5,1.757548868E9,5
ICC Cricket World Cup 2011,33,male,Limpopo,indian_asian,5,1.7575493876E9,5,1.7575493876E9,5
Trace TV,23,male,Gauteng,black,5,1.75754933775E9,8,1.75754933775E9,8
ICC Cricket World Cup 2011,41,male,Gauteng,white,5,1.7575493188E9,5,1.7575493188E9,5
Supersport Live Events,27,male,Western Cape,coloured,5,1.7575495701538463E9,13,1.7575495701538463E9,13
Trace TV,35,male,Gauteng,black,5,1.7575506335E9,6,1.7575506335E9,6
ICC Cricket World Cup 2011,28,male,Western Cape,coloured,5,1.7575488472E9,5,1.7575488472E9,5
Supersport Live Events,25,male,Gauteng,white,5,1.757549009E9,6,1.757549009E9,6
Channel O,23,male,Gauteng,black,5,1.757548994E9,6,1.757548994E9,6
Channel O,34,male,Mpumalanga,black,4,1.757548965E9,4,1.757548965E9,4
Cartoon Network,21,male,Mpumalanga,black,4,1.7575488161666667E9,6,1.7575488161666667E9,6
Cartoon Network,39,male,Western Cape,coloured,4,1.7575494872E9,5,1.7575494872E9,5
Cartoon Network,21,male,Gauteng,black,4,1.7575492225E9,4,1.7575492225E9,4
Channel O,25,male,Limpopo,black,4,1.7575494105E9,6,1.7575494105E9,6
Africa Magic,26,male,Gauteng,black,4,1.757548814E9,4,1.757548814E9,4
Supersport Live Events,22,male,Gauteng,black,4,1.7575488876666667E9,6,1.7575488876666667E9,6
Trace TV,36,male,Gauteng,black,4,1.75754991225E9,4,1.75754991225E9,4
CNN,34,male,Western Cape,black,4,1.7575498618E9,5,1.7575498618E9,5
SuperSport Blitz,45,male,Gauteng,black,4,1.7575490524E9,5,1.7575490524E9,5
Supersport Live Events,29,male,Western Cape,coloured,4,1.7575496696666667E9,6,1.7575496696666667E9,6
SawSee,29,male,Gauteng,black,4,1.75754886875E9,4,1.75754886875E9,4
Supersport Live Events,27,male,Mpumalanga,black,4,1.757548962E9,7,1.757548962E9,7
Boomerang,27,male,Gauteng,indian_asian,4,1.7575491346666667E9,6,1.7575491346666667E9,6
Africa Magic,31,male,Mpumalanga,black,4,1.757548932E9,4,1.757548932E9,4
Boomerang,28,male,Gauteng,white,4,1.757549612E9,5,1.757549612E9,5
Supersport Live Events,46,male,Gauteng,black,4,1.7575489233333333E9,6,1.7575489233333333E9,6
Channel O,35,male,Kwazulu Natal,black,4,1.757550927E9,4,1.757550927E9,4
ICC Cricket World Cup 2011,35,male,Gauteng,white,4,1.7575489295E9,4,1.7575489295E9,4
Supersport Live Events,38,male,Western Cape,coloured,4,1.7575490683333333E9,6,1.7575490683333333E9,6
Trace TV,34,male,Western Cape,coloured,4,1.75754958E9,4,1.75754958E9,4
Supersport Live Events,35,male,Western Cape,white,4,1.757548978E9,6,1.757548978E9,6
Cartoon Network,38,male,Western Cape,coloured,4,1.7575492674E9,5,1.7575492674E9,5
Supersport Live Events,33,male,Gauteng,white,4,1.757549251E9,8,1.757549251E9,8
Trace TV,19,male,Gauteng,black,4,1.757549801E9,6,1.757549801E9,6
ICC Cricket World Cup 2011,40,male,Gauteng,white,4,1.7575491725E9,4,1.7575491725E9,4
SawSee,30,male,Gauteng,black,4,1.7575491485E9,4,1.7575491485E9,4
SuperSport Blitz,28,male,Western Cape,coloured,4,1.757549008E9,4,1.757549008E9,4
CNN,33,male,Gauteng,black,4,1.7575496848E9,5,1.7575496848E9,5
Trace TV,25,male,Gauteng,indian_asian,4,1.75754914275E9,4,1.75754914275E9,4
ICC Cricket World Cup 2011,32,male,Limpopo,indian_asian,4,1.75755050025E9,8,1.75755050025E9,8
E! Entertainment,34,male,Gauteng,white,4,1.757548982E9,4,1.757548982E9,4
Supersport Live Events,26,male,Gauteng,indian_asian,4,1.757549267E9,6,1.757549267E9,6
ICC Cricket World Cup 2011,37,male,Limpopo,indian_asian,4,1.757550958E9,5,1.757550958E9,5
Cartoon Network,24,male,Mpumalanga,black,4,1.7575489796E9,5,1.7575489796E9,5
Africa Magic,39,male,Kwazulu Natal,black,4,1.757548891E9,4,1.757548891E9,4
Supersport Live Events,24,male,Western Cape,coloured,4,1.7575492465E9,4,1.7575492465E9,4
Channel O,18,male,Gauteng,black,4,1.7575488702E9,5,1.7575488702E9,5
Trace TV,24,male,Gauteng,white,4,1.7575491555E9,6,1.7575491555E9,6
CNN,40,male,Gauteng,black,4,1.757548993E9,5,1.757548993E9,5
ICC Cricket World Cup 2011,34,male,Gauteng,white,4,1.7575488555E9,4,1.7575488555E9,4
Trace TV,22,male,Mpumalanga,black,4,1.7575500805714285E9,7,1.7575500805714285E9,7
ICC Cricket World Cup 2011,29,male,Kwazulu Natal,indian_asian,4,1.757549952857143E9,7,1.757549952857143E9,7
SawSee,33,male,Gauteng,black,4,1.7575488335E9,4,1.7575488335E9,4
Trace TV,29,female,Gauteng,black,4,1.757549016E9,4,1.757549016E9,4
Cartoon Network,23,male,Gauteng,black,4,1.75754903825E9,4,1.75754903825E9,4
Cartoon Network,38,male,Gauteng,white,4,1.75754883225E9,4,1.75754883225E9,4
Channel O,23,male,Mpumalanga,black,4,1.75754895375E9,4,1.75754895375E9,4
Supersport Live Events,46,male,Western Cape,coloured,4,1.7575494036666667E9,6,1.7575494036666667E9,6
SuperSport Blitz,45,male,Western Cape,coloured,4,1.75754911E9,6,1.75754911E9,6
Cartoon Network,34,male,Gauteng,black,4,1.7575488646666667E9,6,1.7575488646666667E9,6
Supersport Live Events,44,male,Western Cape,coloured,4,1.757549097E9,8,1.757549097E9,8
CNN,41,male,Gauteng,black,4,1.7575493564E9,5,1.7575493564E9,5
Supersport Live Events,31,male,Western Cape,white,4,1.757550802E9,5,1.757550802E9,5
CNN,24,male,Gauteng,black,4,1.7575490436E9,5,1.7575490436E9,5
SuperSport Blitz,32,male,Kwazulu Natal,black,4,1.7575491184E9,5,1.7575491184E9,5
Supersport Live Events,38,male,Gauteng,black,4,1.7575488697142856E9,7,1.7575488697142856E9,7
E! Entertainment,36,male,Gauteng,black,4,1.7575494195E9,4,1.7575494195E9,4
Channel O,28,male,Western Cape,black,4,1.757548938E9,4,1.757548938E9,4
Channel O,25,male,North West,black,4,1.7575499934E9,10,1.7575499934E9,10
Channel O,30,male,North West,black,4,1.7575492005E9,4,1.7575492005E9,4
CNN,27,male,Gauteng,black,4,1.7575488938E9,5,1.7575488938E9,5
Boomerang,30,male,Gauteng,black,4,1.75754896725E9,4,1.75754896725E9,4
Supersport Live Events,29,male,Mpumalanga,black,4,1.757550192E9,4,1.757550192E9,4
Boomerang,28,male,Western Cape,coloured,4,1.757552038E9,4,1.757552038E9,4
ICC Cricket World Cup 2011,32,male,Western Cape,coloured,4,1.757549182E9,4,1.757549182E9,4
SuperSport Blitz,39,male,Gauteng,indian_asian,4,1.757549162E9,5,1.757549162E9,5
SuperSport Blitz,47,male,Gauteng,black,4,1.757549222E9,4,1.757549222E9,4
ICC Cricket World Cup 2011,26,male,Gauteng,white,4,1.7575492796666667E9,6,1.7575492796666667E9,6
ICC Cricket World Cup 2011,28,male,Kwazulu Natal,indian_asian,4,1.7575492425E9,4,1.7575492425E9,4
Trace TV,34,male,Gauteng,black,4,1.757549217E9,4,1.757549217E9,4
ICC Cricket World Cup 2011,30,male,Gauteng,black,4,1.7575498725E9,4,1.7575498725E9,4
SuperSport Blitz,39,male,Gauteng,black,4,1.7575490052E9,5,1.7575490052E9,5
Supersport Live Events,32,male,Mpumalanga,black,4,1.757549095E9,6,1.757549095E9,6
ICC Cricket World Cup 2011,38,male,Western Cape,coloured,4,1.757549396E9,8,1.757549396E9,8
Trace TV,20,male,Gauteng,black,4,1.757549579E9,6,1.757549579E9,6
Supersport Live Events,35,male,Kwazulu Natal,indian_asian,4,1.7575497936666667E9,6,1.7575497936666667E9,6
Supersport Live Events,28,male,Gauteng,indian_asian,4,1.7575505586666667E9,6,1.7575505586666667E9,6
Supersport Live Events,35,male,Gauteng,black,4,1.75755018175E9,8,1.75755018175E9,8
Supersport Live Events,29,male,Gauteng,black,4,1.7575491453333333E9,6,1.7575491453333333E9,6
Supersport Live Events,38,male,Gauteng,white,4,1.7575490656666667E9,6,1.7575490656666667E9,6
SuperSport Blitz,38,male,Western Cape,coloured,4,1.7575492305E9,4,1.7575492305E9,4
Channel O,28,male,Limpopo,black,4,1.7575495476E9,5,1.7575495476E9,5
Trace TV,33,male,Western Cape,coloured,4,1.757550126375E9,8,1.757550126375E9,8
Supersport Live Events,31,male,Western Cape,coloured,4,1.75754977375E9,8,1.75754977375E9,8
Supersport Live Events,24,male,Gauteng,indian_asian,4,1.7575490737142856E9,7,1.7575490737142856E9,7
Channel O,40,male,Kwazulu Natal,black,4,1.7575490045E9,6,1.7575490045E9,6
Africa Magic,40,male,Gauteng,black,4,1.7575488242E9,5,1.7575488242E9,5
Supersport Live Events,28,male,Limpopo,indian_asian,4,1.7575498157142856E9,7,1.7575498157142856E9,7
CNN,45,male,Gauteng,white,4,1.757548832E9,4,1.757548832E9,4
Supersport Live Events,27,male,Gauteng,coloured,4,1.7575491044E9,5,1.7575491044E9,5
SuperSport Blitz,31,male,Gauteng,indian_asian,4,1.7575496084E9,5,1.7575496084E9,5
Channel O,26,male,Kwazulu Natal,black,4,1.75755207E9,4,1.75755207E9,4
Supersport Live Events,33,male,Mpumalanga,black,4,1.757549243E9,4,1.757549243E9,4
kykNET,0,None,None,None,4,1.75754890125E9,4,1.75754890125E9,4
ICC Cricket World Cup 2011,39,male,Western Cape,coloured,4,1.7575492694285715E9,7,1.7575492694285715E9,7
Trace TV,27,male,Limpopo,black,4,1.7575492935E9,4,1.7575492935E9,4
Supersport Live Events,47,male,Western Cape,coloured,4,1.75754969625E9,8,1.75754969625E9,8
Supersport Live Events,19,male,Gauteng,white,4,1.7575490668E9,5,1.7575490668E9,5
SuperSport Blitz,24,male,Gauteng,white,4,1.7575490652E9,5,1.7575490652E9,5
ICC Cricket World Cup 2011,35,male,Gauteng,black,4,1.757549807E9,4,1.757549807E9,4
ICC Cricket World Cup 2011,33,male,Western Cape,coloured,4,1.757549466E9,6,1.757549466E9,6
Supersport Live Events,27,male,Gauteng,white,4,1.7575489064E9,5,1.7575489064E9,5
ICC Cricket World Cup 2011,30,male,Kwazulu Natal,indian_asian,4,1.757549878E9,4,1.757549878E9,4
Supersport Live Events,45,male,Western Cape,None,4,1.7575491575E9,4,1.7575491575E9,4
Supersport Live Events,28,male,Gauteng,black,4,1.757549005142857E9,7,1.757549005142857E9,7
Boomerang,24,male,Gauteng,black,4,1.75754951025E9,4,1.75754951025E9,4
Cartoon Network,31,male,Western Cape,coloured,4,1.757548841E9,4,1.757548841E9,4
ICC Cricket World Cup 2011,39,male,Gauteng,black,4,1.7575495924E9,5,1.7575495924E9,5
Trace TV,25,male,Western Cape,coloured,4,1.7575493001E9,10,1.7575493001E9,10
Channel O,25,male,Mpumalanga,black,4,1.7575497228E9,5,1.7575497228E9,5
Africa Magic,44,male,Gauteng,black,4,1.7575491312E9,5,1.7575491312E9,5
Channel O,51,male,Gauteng,black,4,1.7575495179E9,10,1.7575495179E9,10
CNN,32,male,Gauteng,black,4,1.7575489608333333E9,6,1.7575489608333333E9,6
Boomerang,24,male,Mpumalanga,black,4,1.7575494198E9,5,1.7575494198E9,5
Channel O,22,male,Mpumalanga,black,4,1.7575491505E9,6,1.7575491505E9,6
Africa Magic,43,male,Gauteng,black,3,1.7575492345E9,4,1.7575492345E9,4
Cartoon Network,36,male,Western Cape,coloured,3,1.7575512433333333E9,3,1.7575512433333333E9,3
Cartoon Network,25,male,Limpopo,black,3,1.7575488703333333E9,3,1.7575488703333333E9,3
SuperSport Blitz,24,male,Mpumalanga,black,3,1.75754936E9,5,1.75754936E9,5
Trace TV,34,male,Western Cape,black,3,1.757550896E9,3,1.757550896E9,3
CNN,36,male,Gauteng,black,3,1.75754934925E9,4,1.75754934925E9,4
Supersport Live Events,48,male,Gauteng,black,3,1.7575489375E9,4,1.7575489375E9,4
Africa Magic,33,female,Gauteng,black,3,1.757548849E9,3,1.757548849E9,3
ICC Cricket World Cup 2011,31,male,Kwazulu Natal,indian_asian,3,1.7575491345714285E9,7,1.7575491345714285E9,7
Africa Magic,40,male,Kwazulu Natal,black,3,1.757548901E9,3,1.757548901E9,3
Boomerang,20,male,Gauteng,black,3,1.757549166E9,3,1.757549166E9,3
SuperSport Blitz,26,male,Western Cape,coloured,3,1.75754930525E9,4,1.75754930525E9,4
Cartoon Network,24,male,Limpopo,black,3,1.7575490546666667E9,3,1.7575490546666667E9,3
Trace TV,22,male,Western Cape,coloured,3,1.757550069E9,3,1.757550069E9,3
Trace TV,24,male,Limpopo,black,3,1.757549687E9,3,1.757549687E9,3
Cartoon Network,23,male,Western Cape,coloured,3,1.7575488666666667E9,3,1.7575488666666667E9,3
Boomerang,37,male,Western Cape,None,3,1.7575493923333333E9,3,1.7575493923333333E9,3
Supersport Live Events,41,male,North West,white,3,1.7575489865E9,4,1.7575489865E9,4
E! Entertainment,32,male,Western Cape,coloured,3,1.757549854E9,3,1.757549854E9,3
Cartoon Network,29,male,Kwazulu Natal,indian_asian,3,1.7575488133333333E9,3,1.7575488133333333E9,3
Africa Magic,39,male,Western Cape,black,3,1.75754909E9,3,1.75754909E9,3
Supersport Live Events,23,male,Western Cape,coloured,3,1.7575489213333333E9,3,1.7575489213333333E9,3
ICC Cricket World Cup 2011,27,male,Gauteng,white,3,1.75754886E9,4,1.75754886E9,4
Cartoon Network,37,male,Gauteng,white,3,1.757549445E9,5,1.757549445E9,5
Channel O,33,male,Western Cape,coloured,3,1.757549098E9,3,1.757549098E9,3
kykNET,25,male,Gauteng,black,3,1.757549016E9,3,1.757549016E9,3
Boomerang,39,male,Gauteng,black,3,1.757549484E9,3,1.757549484E9,3
ICC Cricket World Cup 2011,42,male,Gauteng,white,3,1.757548918E9,3,1.757548918E9,3
Africa Magic,43,male,Gauteng,coloured,3,1.757548848E9,3,1.757548848E9,3
Boomerang,18,male,Gauteng,white,3,1.7575493E9,3,1.7575493E9,3
ICC Cricket World Cup 2011,35,male,Gauteng,indian_asian,3,1.75754904E9,3,1.75754904E9,3
E! Entertainment,28,male,Western Cape,coloured,3,1.7575491473333333E9,3,1.7575491473333333E9,3
ICC Cricket World Cup 2011,25,male,Limpopo,indian_asian,3,1.757550352E9,5,1.757550352E9,5
Supersport Live Events,33,male,Kwazulu Natal,black,3,1.757549516E9,3,1.757549516E9,3
Channel O,24,male,Limpopo,black,3,1.757549265E9,4,1.757549265E9,4
Cartoon Network,32,male,Gauteng,black,3,1.757548829E9,4,1.757548829E9,4
Boomerang,45,male,Gauteng,black,3,1.75754909975E9,4,1.75754909975E9,4
Africa Magic,30,male,Limpopo,black,3,1.7575488708333333E9,6,1.7575488708333333E9,6
Boomerang,37,male,Gauteng,black,3,1.7575494745E9,4,1.7575494745E9,4
Trace TV,24,male,Gauteng,black,3,1.757549566E9,3,1.757549566E9,3
CNN,47,male,Gauteng,black,3,1.7575494583333333E9,3,1.7575494583333333E9,3
ICC Cricket World Cup 2011,29,male,Gauteng,black,3,1.757548906E9,4,1.757548906E9,4
Africa Magic,33,male,Kwazulu Natal,black,3,1.757548954E9,7,1.757548954E9,7
Channel O,30,male,Kwazulu Natal,black,3,1.7575504452E9,5,1.7575504452E9,5
Cartoon Network,32,male,Gauteng,white,3,1.7575488273333333E9,3,1.7575488273333333E9,3
Boomerang,23,male,Mpumalanga,black,3,1.7575492915E9,4,1.7575492915E9,4
Supersport Live Events,35,male,Gauteng,white,3,1.7575492666666667E9,3,1.7575492666666667E9,3
ICC Cricket World Cup 2011,27,male,Kwazulu Natal,indian_asian,3,1.757549316E9,4,1.757549316E9,4
Cartoon Network,28,male,Western Cape,coloured,3,1.7575491512E9,5,1.7575491512E9,5
SuperSport Blitz,25,male,Eastern Cape,black,3,1.757548872E9,3,1.757548872E9,3
Trace TV,32,male,Kwazulu Natal,black,3,1.7575499115E9,4,1.7575499115E9,4
Supersport Live Events,40,male,Western Cape,coloured,3,1.7575495293333333E9,3,1.7575495293333333E9,3
Boomerang,41,male,Western Cape,coloured,3,1.7575489E9,4,1.7575489E9,4
Africa Magic,34,male,Kwazulu Natal,black,3,1.75754938625E9,4,1.75754938625E9,4
SuperSport Blitz,37,male,Kwazulu Natal,black,3,1.7575488246666667E9,3,1.7575488246666667E9,3
Africa Magic,36,male,Limpopo,black,3,1.7575488503333333E9,3,1.7575488503333333E9,3
Channel O,32,male,Kwazulu Natal,black,3,1.757549886E9,6,1.757549886E9,6
ICC Cricket World Cup 2011,27,male,Mpumalanga,black,3,1.7575490966666667E9,3,1.7575490966666667E9,3
CNN,44,male,Western Cape,coloured,3,1.7575496164E9,5,1.7575496164E9,5
Africa Magic,28,male,Gauteng,black,3,1.757549469E9,3,1.757549469E9,3
Trace TV,30,male,North West,black,3,1.757549305E9,3,1.757549305E9,3
Boomerang,31,male,Western Cape,coloured,3,1.75754883075E9,4,1.75754883075E9,4
Trace TV,25,male,North West,black,3,1.75755014175E9,4,1.75755014175E9,4
Supersport Live Events,30,male,Kwazulu Natal,black,3,1.7575495063333333E9,6,1.7575495063333333E9,6
Trace TV,27,male,Western Cape,coloured,3,1.75754938575E9,4,1.75754938575E9,4
Cartoon Network,18,male,Gauteng,black,3,1.7575488735E9,4,1.7575488735E9,4
SuperSport Blitz,31,male,Limpopo,indian_asian,3,1.757548884E9,3,1.757548884E9,3
SuperSport Blitz,35,male,Gauteng,black,3,1.757548849E9,4,1.757548849E9,4
SuperSport Blitz,39,male,Western Cape,coloured,3,1.75754903E9,3,1.75754903E9,3
E! Entertainment,43,male,Western Cape,coloured,3,1.7575491486666667E9,3,1.7575491486666667E9,3
ICC Cricket World Cup 2011,42,male,Kwazulu Natal,indian_asian,3,1.7575494016E9,5,1.7575494016E9,5
Boomerang,32,male,Mpumalanga,black,3,1.757548863E9,4,1.757548863E9,4
CNN,42,male,Kwazulu Natal,black,3,1.757549173E9,3,1.757549173E9,3
Boomerang,24,male,Kwazulu Natal,coloured,3,1.7575488883333333E9,3,1.7575488883333333E9,3
Boomerang,25,male,Western Cape,coloured,3,1.75754909525E9,4,1.75754909525E9,4
ICC Cricket World Cup 2011,32,male,Gauteng,None,3,1.75754913E9,7,1.75754913E9,7
Trace TV,41,male,Gauteng,indian_asian,3,1.757548857E9,3,1.757548857E9,3
SuperSport Blitz,36,male,Gauteng,indian_asian,3,1.757548942E9,3,1.757548942E9,3
Africa Magic,25,male,Limpopo,black,3,1.757548813E9,3,1.757548813E9,3
Channel O,24,male,Gauteng,white,3,1.757548869E9,3,1.757548869E9,3
Africa Magic,35,male,Mpumalanga,black,3,1.7575489904E9,5,1.7575489904E9,5
Supersport Live Events,32,male,Limpopo,indian_asian,3,1.7575497485E9,4,1.7575497485E9,4
Trace TV,36,male,Western Cape,coloured,3,1.757550951E9,3,1.757550951E9,3
E! Entertainment,27,male,Gauteng,indian_asian,3,1.7575488373333333E9,3,1.7575488373333333E9,3
Channel O,33,male,Mpumalanga,black,3,1.7575497135E9,4,1.7575497135E9,4
E! Entertainment,30,male,Western Cape,white,3,1.757548854E9,3,1.757548854E9,3
SuperSport Blitz,28,male,Gauteng,black,3,1.7575489644E9,5,1.7575489644E9,5
Supersport Live Events,39,male,Gauteng,black,3,1.7575488455E9,8,1.7575488455E9,8
SawSee,23,male,Gauteng,black,3,1.7575488253333333E9,3,1.7575488253333333E9,3
Cartoon Network,26,male,Limpopo,white,3,1.75754886475E9,4,1.75754886475E9,4
Supersport Live Events,28,male,Gauteng,white,3,1.7575493293333333E9,3,1.7575493293333333E9,3
Cartoon Network,32,male,Gauteng,indian_asian,3,1.7575492933333333E9,3,1.7575492933333333E9,3
Africa Magic,24,male,Gauteng,black,3,1.7575491665E9,4,1.7575491665E9,4
Channel O,27,male,Limpopo,black,3,1.757549241E9,8,1.757549241E9,8
SuperSport Blitz,39,male,Gauteng,white,3,1.7575492045E9,4,1.7575492045E9,4
Supersport Live Events,28,male,Mpumalanga,black,3,1.7575488226666667E9,3,1.7575488226666667E9,3
ICC Cricket World Cup 2011,41,male,Limpopo,indian_asian,3,1.7575511008E9,5,1.7575511008E9,5
Vuzu,0,None,None,None,3,1.757548816E9,3,1.757548816E9,3
SuperSport Blitz,44,male,Limpopo,black,3,1.7575489445E9,4,1.7575489445E9,4
SuperSport Blitz,29,male,Kwazulu Natal,black,3,1.7575489066666667E9,3,1.7575489066666667E9,3
ICC Cricket World Cup 2011,28,male,Gauteng,black,3,1.7575488806666667E9,3,1.7575488806666667E9,3
Trace TV,27,female,Gauteng,black,3,1.757551607E9,3,1.757551607E9,3
Supersport Live Events,25,male,Gauteng,indian_asian,3,1.75754897E9,4,1.75754897E9,4
Boomerang,35,male,Mpumalanga,black,3,1.7575488724285715E9,7,1.7575488724285715E9,7
CNN,27,male,Mpumalanga,black,3,1.7575488716666667E9,3,1.7575488716666667E9,3
SuperSport Blitz,32,male,Gauteng,white,3,1.7575491823333333E9,6,1.7575491823333333E9,6
SuperSport Blitz,33,male,Gauteng,black,3,1.7575489193333333E9,3,1.7575489193333333E9,3
Trace TV,35,male,Western Cape,coloured,3,1.757550248E9,6,1.757550248E9,6
Boomerang,38,male,Western Cape,coloured,3,1.7575492583333333E9,3,1.7575492583333333E9,3
CNN,44,male,Gauteng,black,3,1.7575493982857144E9,7,1.7575493982857144E9,7
Cartoon Network,26,male,Limpopo,black,3,1.75754903525E9,4,1.75754903525E9,4
Trace TV,29,male,Gauteng,white,3,1.7575489785E9,6,1.7575489785E9,6
E! Entertainment,25,male,North West,black,3,1.757548944E9,3,1.757548944E9,3
Channel O,28,male,Gauteng,coloured,3,1.7575505922E9,5,1.7575505922E9,5
Cartoon Network,21,male,Mpumalanga,white,3,1.75754882275E9,4,1.75754882275E9,4
SuperSport Blitz,41,male,Mpumalanga,black,3,1.757548981142857E9,7,1.757548981142857E9,7
Supersport Live Events,28,male,Eastern Cape,coloured,3,1.757549794E9,6,1.757549794E9,6
Boomerang,29,male,Gauteng,black,3,1.7575489284E9,5,1.7575489284E9,5
Boomerang,25,male,Gauteng,indian_asian,3,1.757549258E9,4,1.757549258E9,4
Supersport Live Events,30,male,Gauteng,white,3,1.75755198825E9,8,1.75755198825E9,8
Trace TV,35,male,Gauteng,white,3,1.75754892E9,3,1.75754892E9,3
Supersport Live Events,47,male,Gauteng,white,3,1.7575544873333333E9,3,1.7575544873333333E9,3
ICC Cricket World Cup 2011,48,male,Western Cape,coloured,3,1.757548938E9,3,1.757548938E9,3
Trace TV,24,male,Mpumalanga,black,3,1.757549504E9,3,1.757549504E9,3
Supersport Live Events,34,male,Western Cape,None,3,1.7575490753333333E9,3,1.7575490753333333E9,3
Boomerang,34,male,Gauteng,black,3,1.75754896E9,3,1.75754896E9,3
CNN,32,male,Gauteng,indian_asian,3,1.7575488316666667E9,3,1.7575488316666667E9,3
SuperSport Blitz,26,male,Mpumalanga,black,3,1.757549166E9,3,1.757549166E9,3
Trace TV,41,male,Gauteng,black,3,1.757548918E9,3,1.757548918E9,3
SuperSport Blitz,44,male,Western Cape,coloured,3,1.75754949E9,3,1.75754949E9,3
Trace TV,32,male,Western Cape,coloured,3,1.757548986E9,3,1.757548986E9,3
Boomerang,30,male,Gauteng,indian_asian,3,1.75754886425E9,4,1.75754886425E9,4
Trace TV,30,male,Western Cape,white,3,1.757548971E9,3,1.757548971E9,3
Supersport Live Events,43,male,Gauteng,None,3,1.7575505345E9,4,1.7575505345E9,4
Boomerang,27,male,Western Cape,coloured,3,1.7575488904E9,5,1.7575488904E9,5
Supersport Live Events,27,male,Gauteng,indian_asian,3,1.7575501445E9,4,1.7575501445E9,4
Africa Magic,41,male,Gauteng,black,3,1.7575488572E9,5,1.7575488572E9,5
SuperSport Blitz,43,male,Kwazulu Natal,black,3,1.757549002E9,4,1.757549002E9,4
SuperSport Blitz,48,male,Western Cape,coloured,3,1.757549092E9,7,1.757549092E9,7
Africa Magic,27,male,North West,black,3,1.7575488333333333E9,3,1.7575488333333333E9,3
Supersport Live Events,44,male,Gauteng,white,3,1.7575526533333333E9,3,1.7575526533333333E9,3
Channel O,21,male,Gauteng,black,3,1.757548985E9,3,1.757548985E9,3
SuperSport Blitz,39,male,Kwazulu Natal,black,3,1.7575489206666667E9,3,1.7575489206666667E9,3
Africa Magic,38,male,Kwazulu Natal,black,3,1.75754906175E9,4,1.75754906175E9,4
ICC Cricket World Cup 2011,43,male,Gauteng,None,3,1.7575497853333333E9,3,1.7575497853333333E9,3
Supersport Live Events,26,male,Limpopo,indian_asian,3,1.7575512103333333E9,6,1.7575512103333333E9,6
Channel O,26,male,Mpumalanga,black,3,1.757549829E9,5,1.757549829E9,5
Africa Magic,45,male,Gauteng,black,3,1.757548948E9,3,1.757548948E9,3
Supersport Live Events,26,male,Gauteng,black,3,1.7575493373333333E9,3,1.7575493373333333E9,3
Cartoon Network,33,male,Gauteng,white,3,1.757549129E9,4,1.757549129E9,4
Supersport Live Events,31,male,Mpumalanga,black,3,1.7575495105E9,4,1.7575495105E9,4
ICC Cricket World Cup 2011,34,male,Gauteng,black,3,1.7575489906666667E9,3,1.7575489906666667E9,3
ICC Cricket World Cup 2011,41,male,Western Cape,coloured,3,1.7575490853333333E9,3,1.7575490853333333E9,3
ICC Cricket World Cup 2011,28,male,Mpumalanga,indian_asian,3,1.7575505666666667E9,3,1.7575505666666667E9,3
Supersport Live Events,48,male,Western Cape,coloured,3,1.7575496824E9,5,1.7575496824E9,5
Africa Magic,30,male,Mpumalanga,black,3,1.757548819E9,3,1.757548819E9,3
Channel O,31,male,Western Cape,coloured,3,1.757548822E9,3,1.757548822E9,3
Supersport Live Events,50,male,Western Cape,None,3,1.757549531E9,4,1.757549531E9,4
ICC Cricket World Cup 2011,45,male,Gauteng,black,3,1.7575491333333333E9,3,1.7575491333333333E9,3
ICC Cricket World Cup 2011,44,male,Gauteng,black,3,1.75754956E9,3,1.75754956E9,3
ICC Cricket World Cup 2011,23,male,Gauteng,None,3,1.7575499215E9,4,1.7575499215E9,4
Channel O,42,male,Gauteng,black,3,1.7575498674E9,5,1.7575498674E9,5
Africa Magic,35,male,Kwazulu Natal,black,3,1.7575488016666667E9,3,1.7575488016666667E9,3
ICC Cricket World Cup 2011,26,male,Western Cape,coloured,3,1.757548842E9,3,1.757548842E9,3
Boomerang,35,male,Gauteng,black,3,1.7575491705E9,6,1.7575491705E9,6
CNN,52,male,Gauteng,white,3,1.7575492186666667E9,3,1.7575492186666667E9,3
Supersport Live Events,44,male,Gauteng,black,3,1.7575490933333333E9,3,1.7575490933333333E9,3
Channel O,21,male,Mpumalanga,black,3,1.757549349E9,9,1.757549349E9,9
SuperSport Blitz,41,male,Kwazulu Natal,black,3,1.757548932E9,3,1.757548932E9,3
CNN,39,male,Gauteng,black,3,1.7575507133333333E9,3,1.7575507133333333E9,3
ICC Cricket World Cup 2011,36,male,Kwazulu Natal,indian_asian,3,1.7575490635E9,4,1.7575490635E9,4
E! Entertainment,32,male,Gauteng,indian_asian,3,1.7575493773333333E9,3,1.7575493773333333E9,3
Break in transmission,34,male,Gauteng,black,3,1.7575488363333333E9,3,1.7575488363333333E9,3
Channel O,33,male,Eastern Cape,black,3,1.7575490297142856E9,7,1.7575490297142856E9,7
Trace TV,41,male,Kwazulu Natal,None,3,1.7575489485E9,4,1.7575489485E9,4
Boomerang,33,male,Gauteng,black,3,1.7575491896666667E9,3,1.7575491896666667E9,3
ICC Cricket World Cup 2011,49,male,Gauteng,black,3,1.7575500353333333E9,3,1.7575500353333333E9,3
Supersport Live Events,47,male,Gauteng,black,3,1.757548848E9,4,1.757548848E9,4
ICC Cricket World Cup 2011,41,male,Gauteng,indian_asian,3,1.7575500092E9,10,1.7575500092E9,10
ICC Cricket World Cup 2011,29,male,Gauteng,white,3,1.7575509264E9,5,1.7575509264E9,5
E! Entertainment,25,male,Limpopo,black,3,1.7575497146666667E9,3,1.7575497146666667E9,3
Africa Magic,23,male,Gauteng,black,3,1.7575488623333333E9,6,1.7575488623333333E9,6
Supersport Live Events,43,male,Gauteng,white,3,1.7575499226666667E9,3,1.7575499226666667E9,3
SuperSport Blitz,31,male,Kwazulu Natal,black,3,1.757548826E9,3,1.757548826E9,3
Channel O,39,male,Kwazulu Natal,black,3,1.757550915E9,3,1.757550915E9,3
Break in transmission,30,male,Western Cape,black,3,1.7575490786666667E9,3,1.7575490786666667E9,3
ICC Cricket World Cup 2011,34,male,Kwazulu Natal,indian_asian,3,1.7575492913333333E9,3,1.7575492913333333E9,3
CNN,27,male,Gauteng,indian_asian,3,1.7575488666666667E9,3,1.7575488666666667E9,3
ICC Cricket World Cup 2011,36,male,Eastern Cape,white,3,1.757549568E9,3,1.757549568E9,3
Cartoon Network,31,female,Gauteng,black,3,1.7575494473333333E9,3,1.7575494473333333E9,3
Supersport Live Events,36,male,Gauteng,indian_asian,3,1.7575490173333333E9,3,1.7575490173333333E9,3
Supersport Live Events,39,male,Western Cape,None,3,1.75754933375E9,8,1.75754933375E9,8
Supersport Live Events,34,male,Gauteng,black,3,1.757549137E9,4,1.757549137E9,4
Boomerang,36,male,Gauteng,black,3,1.7575489165E9,8,1.7575489165E9,8
Trace TV,24,male,Free State,black,3,1.7575491735E9,4,1.7575491735E9,4
Cartoon Network,18,male,Eastern Cape,coloured,3,1.757548881E9,5,1.757548881E9,5
Break in transmission,0,None,None,None,3,1.7575488153333333E9,3,1.7575488153333333E9,3
Supersport Live Events,34,male,Gauteng,indian_asian,3,1.757548962E9,3,1.757548962E9,3
SuperSport Blitz,47,male,North West,black,3,1.757549528E9,5,1.757549528E9,5
Supersport Live Events,21,male,Gauteng,white,3,1.7575504644E9,5,1.7575504644E9,5
Africa Magic,21,male,Mpumalanga,black,3,1.75754909E9,3,1.75754909E9,3
Channel O,33,male,Kwazulu Natal,black,3,1.757549107E9,9,1.757549107E9,9
ICC Cricket World Cup 2011,25,male,Western Cape,coloured,3,1.7575491913333333E9,3,1.7575491913333333E9,3
SuperSport Blitz,28,male,Mpumalanga,black,3,1.757548997E9,6,1.757548997E9,6
SuperSport Blitz,40,male,Limpopo,black,3,1.7575488826666667E9,3,1.7575488826666667E9,3
ICC Cricket World Cup 2011,23,male,Western Cape,coloured,3,1.757549576E9,5,1.757549576E9,5
ICC Cricket World Cup 2011,24,male,Gauteng,white,3,1.7575492613333333E9,6,1.7575492613333333E9,6
Channel O,32,male,Mpumalanga,black,3,1.757548905E9,7,1.757548905E9,7
Channel O,20,male,Gauteng,black,3,1.757549032E9,3,1.757549032E9,3
Supersport Live Events,41,male,Gauteng,indian_asian,3,1.7575494104E9,10,1.7575494104E9,10
Africa Magic,46,male,Gauteng,black,3,1.7575495975E9,4,1.7575495975E9,4
Supersport Live Events,26,male,Western Cape,black,3,1.757548942E9,5,1.757548942E9,5
Trace TV,18,male,Gauteng,black,3,1.75754911725E9,8,1.75754911725E9,8
Cartoon Network,45,male,Gauteng,black,3,1.757549493E9,3,1.757549493E9,3
Africa Magic,27,male,Gauteng,coloured,3,1.7575489645E9,4,1.7575489645E9,4
ICC Cricket World Cup 2011,42,male,Gauteng,None,3,1.757549796E9,3,1.757549796E9,3
Vuzu,25,male,Gauteng,black,3,1.7575488423333333E9,3,1.7575488423333333E9,3
CNN,38,male,Gauteng,black,3,1.757549649E9,3,1.757549649E9,3
E! Entertainment,34,male,Gauteng,indian_asian,3,1.7575511126666667E9,3,1.7575511126666667E9,3
Supersport Live Events,38,male,Western Cape,None,3,1.757548828E9,3,1.757548828E9,3
ICC Cricket World Cup 2011,34,male,Western Cape,None,3,1.757549634E9,4,1.757549634E9,4
CNN,46,male,Gauteng,black,3,1.7575490175714285E9,7,1.7575490175714285E9,7
Trace TV,30,male,Eastern Cape,coloured,3,1.7575493388E9,5,1.7575493388E9,5
Supersport Live Events,25,male,Gauteng,coloured,3,1.7575491323333333E9,6,1.7575491323333333E9,6
CNN,45,male,Western Cape,coloured,3,1.7575493396666667E9,3,1.7575493396666667E9,3
Africa Magic,42,female,Gauteng,black,3,1.757548947E9,3,1.757548947E9,3
Channel O,23,male,Limpopo,black,3,1.757549214E9,7,1.757549214E9,7
Trace TV,22,male,Gauteng,coloured,3,1.757549152E9,3,1.757549152E9,3
Africa Magic,52,male,Mpumalanga,black,3,1.7575491238888888E9,9,1.7575491238888888E9,9
SuperSport Blitz,28,male,Kwazulu Natal,black,3,1.7575489106666667E9,3,1.7575489106666667E9,3
SuperSport Blitz,45,male,Gauteng,white,3,1.7575488506666667E9,3,1.7575488506666667E9,3
Trace TV,34,male,Kwazulu Natal,indian_asian,3,1.757549007E9,3,1.757549007E9,3
Cartoon Network,41,male,Western Cape,coloured,3,1.7575488363333333E9,3,1.7575488363333333E9,3
E! Entertainment,33,male,Gauteng,black,3,1.757548936E9,3,1.757548936E9,3
ICC Cricket World Cup 2011,32,male,Gauteng,black,3,1.7575490333333333E9,3,1.7575490333333333E9,3
Channel O,27,male,North West,black,3,1.757549398E9,3,1.757549398E9,3
SuperSport Blitz,25,male,Gauteng,coloured,3,1.75754909E9,4,1.75754909E9,4
Supersport Live Events,32,male,Gauteng,None,3,1.7575490432E9,5,1.7575490432E9,5
Channel O,32,female,Gauteng,black,3,1.75755224775E9,4,1.75755224775E9,4
SuperSport Blitz,38,male,Gauteng,black,3,1.7575490353333333E9,3,1.7575490353333333E9,3
Supersport Live Events,40,male,Gauteng,white,3,1.757550588E9,3,1.757550588E9,3
Channel O,25,male,Kwazulu Natal,black,3,1.757548867E9,3,1.757548867E9,3
ICC Cricket World Cup 2011,43,male,Western Cape,coloured,3,1.75755090525E9,8,1.75755090525E9,8
Supersport Live Events,33,male,Limpopo,indian_asian,3,1.757549458E9,6,1.757549458E9,6
Africa Magic,40,male,North West,black,3,1.757548868E9,6,1.757548868E9,6
M-Net,0,None,None,None,3,1.7575489313333333E9,3,1.7575489313333333E9,3
Trace TV,31,male,Western Cape,coloured,3,1.7575494555E9,4,1.7575494555E9,4
Boomerang,22,male,Gauteng,black,3,1.7575491765E9,4,1.7575491765E9,4
Cartoon Network,22,male,Western Cape,None,3,1.7575488303333333E9,3,1.7575488303333333E9,3
ICC Cricket World Cup 2011,37,male,Gauteng,indian_asian,3,1.7575509976E9,5,1.7575509976E9,5
Boomerang,27,male,Mpumalanga,black,3,1.757548936E9,3,1.757548936E9,3
SuperSport Blitz,26,male,Gauteng,indian_asian,3,1.7575490184E9,5,1.7575490184E9,5
Cartoon Network,19,male,Gauteng,white,3,1.7575489946666667E9,3,1.7575489946666667E9,3
Supersport Live Events,39,male,Gauteng,white,3,1.7575488615E9,4,1.7575488615E9,4
Africa Magic,25,male,Gauteng,black,3,1.75754885725E9,4,1.75754885725E9,4
CNN,31,male,Gauteng,indian_asian,3,1.7575488376666667E9,3,1.7575488376666667E9,3
SuperSport Blitz,32,male,Gauteng,indian_asian,3,1.75754907E9,3,1.75754907E9,3
Africa Magic,26,male,Limpopo,black,3,1.7575488206666667E9,3,1.7575488206666667E9,3
Boomerang,37,male,Gauteng,white,3,1.75754893225E9,4,1.75754893225E9,4
Africa Magic,41,male,Gauteng,coloured,3,1.7575493294E9,5,1.7575493294E9,5
Cartoon Network,32,female,Kwazulu Natal,black,2,1.7575488E9,2,1.7575488E9,2
SawSee,25,male,North West,black,2,1.7575488095E9,2,1.7575488095E9,2
SuperSport Blitz,39,male,Gauteng,coloured,2,1.757548986E9,2,1.757548986E9,2
Trace TV,29,female,Limpopo,black,2,1.757548953E9,2,1.757548953E9,2
Cartoon Network,27,male,Eastern Cape,white,2,1.757550089E9,2,1.757550089E9,2
Channel O,43,male,Western Cape,coloured,2,1.757548917E9,5,1.757548917E9,5
Trace TV,26,male,Mpumalanga,black,2,1.757548817E9,3,1.757548817E9,3
Trace TV,32,male,Free State,black,2,1.7575493715E9,2,1.7575493715E9,2
Boomerang,53,male,Gauteng,white,2,1.75754938E9,2,1.75754938E9,2
SuperSport Blitz,40,male,Gauteng,indian_asian,2,1.757548802E9,2,1.757548802E9,2
Boomerang,36,male,Western Cape,coloured,2,1.7575499115E9,2,1.7575499115E9,2
Supersport Live Events,18,male,Gauteng,black,2,1.75754998E9,3,1.75754998E9,3
ICC Cricket World Cup 2011,46,male,Gauteng,black,2,1.757549508E9,4,1.757549508E9,4
Cartoon Network,30,female,Eastern Cape,coloured,2,1.757549163E9,2,1.757549163E9,2
E! Entertainment,52,male,Gauteng,black,2,1.757548829E9,2,1.757548829E9,2
SuperSport Blitz,30,male,North West,black,2,1.757549113E9,2,1.757549113E9,2
Boomerang,26,male,Limpopo,indian_asian,2,1.7575488515E9,2,1.7575488515E9,2
Channel O,21,female,Gauteng,black,2,1.7575499955E9,2,1.7575499955E9,2
ICC Cricket World Cup 2011,22,male,Limpopo,indian_asian,2,1.7575490026666667E9,3,1.7575490026666667E9,3
Trace TV,31,female,Gauteng,black,2,1.757549361E9,3,1.757549361E9,3
Cartoon Network,27,male,Gauteng,coloured,2,1.7575491683333333E9,3,1.7575491683333333E9,3
Supersport Live Events,38,male,Kwazulu Natal,black,2,1.757548805E9,2,1.757548805E9,2
Trace TV,31,male,Mpumalanga,black,2,1.7575490595E9,2,1.7575490595E9,2
Channel O,23,male,Eastern Cape,black,2,1.757549504142857E9,7,1.757549504142857E9,7
Africa Magic,26,male,Gauteng,indian_asian,2,1.75754881E9,2,1.75754881E9,2
Trace TV,26,male,Kwazulu Natal,indian_asian,2,1.7575491645E9,2,1.7575491645E9,2
SawSee,32,male,Kwazulu Natal,black,2,1.7575488333333333E9,3,1.7575488333333333E9,3
Supersport Live Events,37,male,Western Cape,black,2,1.7575496126666667E9,3,1.7575496126666667E9,3
SuperSport Blitz,38,male,Gauteng,None,2,1.757548965E9,2,1.757548965E9,2
SuperSport Blitz,40,male,Gauteng,black,2,1.7575491986666667E9,3,1.7575491986666667E9,3
Channel O,20,male,Free State,black,2,1.757549025E9,2,1.757549025E9,2
Supersport Live Events,34,male,Gauteng,None,2,1.757549016E9,2,1.757549016E9,2
SuperSport Blitz,34,male,Gauteng,white,2,1.757549119E9,2,1.757549119E9,2
Boomerang,39,male,Western Cape,coloured,2,1.7575488585E9,2,1.7575488585E9,2
ICC Cricket World Cup 2011,31,male,Western Cape,coloured,2,1.7575488826666667E9,3,1.7575488826666667E9,3
Vuzu,35,male,Gauteng,black,2,1.757548899E9,2,1.757548899E9,2
Africa Magic,23,male,Limpopo,black,2,1.757548821E9,2,1.757548821E9,2
Supersport Live Events,42,male,Gauteng,None,2,1.757550668E9,3,1.757550668E9,3
SuperSport Blitz,44,male,Western Cape,white,2,1.757548884E9,2,1.757548884E9,2
Trace TV,29,male,Limpopo,indian_asian,2,1.757549418E9,2,1.757549418E9,2
SawSee,28,male,Gauteng,white,2,1.7575488645E9,2,1.7575488645E9,2
Cartoon Network,18,male,Western Cape,coloured,2,1.757548946E9,2,1.757548946E9,2
Trace TV,39,male,Gauteng,white,2,1.7575502415E9,2,1.7575502415E9,2
Supersport Live Events,51,male,Gauteng,black,2,1.757548826E9,2,1.757548826E9,2
SuperSport Blitz,22,male,Gauteng,black,2,1.757549738E9,2,1.757549738E9,2
ICC Cricket World Cup 2011,29,male,Gauteng,None,2,1.757551918E9,2,1.757551918E9,2
CNN,42,male,Gauteng,black,2,1.757549154E9,2,1.757549154E9,2
ICC Cricket World Cup 2011,9,male,Gauteng,indian_asian,2,1.7575489386666667E9,3,1.7575489386666667E9,3
Channel O,38,male,Gauteng,indian_asian,2,1.757548952E9,3,1.757548952E9,3
Africa Magic,37,male,Mpumalanga,black,2,1.757548906E9,2,1.757548906E9,2
Trace TV,19,male,Mpumalanga,black,2,1.757548906E9,3,1.757548906E9,3
SuperSport Blitz,21,male,Gauteng,black,2,1.757548986E9,2,1.757548986E9,2
SuperSport Blitz,25,male,Western Cape,coloured,2,1.757548961E9,2,1.757548961E9,2
Supersport Live Events,35,male,Western Cape,black,2,1.757549587E9,2,1.757549587E9,2
CNN,30,male,Western Cape,black,2,1.7575491473333333E9,3,1.7575491473333333E9,3
Channel O,21,male,Limpopo,black,2,1.7575490268E9,5,1.7575490268E9,5
Cartoon Network,43,male,Gauteng,coloured,2,1.757548961E9,2,1.757548961E9,2
Africa Magic,28,male,Mpumalanga,black,2,1.757548828E9,2,1.757548828E9,2
Boomerang,40,male,Kwazulu Natal,black,2,1.7575510665E9,2,1.7575510665E9,2
Supersport Live Events,36,male,Eastern Cape,black,2,1.757548844E9,2,1.757548844E9,2
ICC Cricket World Cup 2011,38,male,Limpopo,indian_asian,2,1.757549986E9,3,1.757549986E9,3
Supersport Live Events,27,male,Western Cape,black,2,1.7575490588E9,5,1.7575490588E9,5
Trace TV,26,male,Western Cape,None,2,1.757549247E9,2,1.757549247E9,2
Boomerang,47,male,Gauteng,None,2,1.75754896E9,2,1.75754896E9,2
Cartoon Network,24,male,Western Cape,black,2,1.757548818E9,2,1.757548818E9,2
Cartoon Network,26,male,Mpumalanga,black,2,1.7575506735E9,2,1.7575506735E9,2
Channel O,25,male,Gauteng,white,2,1.7575488315E9,2,1.7575488315E9,2
Africa Magic,32,male,Kwazulu Natal,black,2,1.7575488385E9,2,1.7575488385E9,2
Supersport Live Events,37,male,Eastern Cape,black,2,1.7575490686666667E9,3,1.7575490686666667E9,3
Cartoon Network,27,male,Limpopo,indian_asian,2,1.7575489215E9,2,1.7575489215E9,2
Boomerang,30,male,Mpumalanga,black,2,1.7575488073333333E9,3,1.7575488073333333E9,3
SuperSport Blitz,9,male,Western Cape,coloured,2,1.757548942E9,2,1.757548942E9,2
E! Entertainment,31,male,Western Cape,coloured,2,1.757548919E9,2,1.757548919E9,2
ICC Cricket World Cup 2011,56,male,Gauteng,white,2,1.7575500606666667E9,3,1.7575500606666667E9,3
ICC Cricket World Cup 2011,55,male,Western Cape,coloured,2,1.757549063E9,2,1.757549063E9,2
SawSee,25,male,Gauteng,white,2,1.7575488335E9,2,1.7575488335E9,2
ICC Cricket World Cup 2011,29,female,Kwazulu Natal,indian_asian,2,1.757549381E9,2,1.757549381E9,2
Supersport Live Events,49,male,Western Cape,coloured,2,1.7575488E9,2,1.7575488E9,2
ICC Cricket World Cup 2011,26,male,Eastern Cape,coloured,2,1.757549394E9,3,1.757549394E9,3
CNN,56,male,Gauteng,white,2,1.7575488805E9,4,1.7575488805E9,4
E! Entertainment,42,male,Gauteng,black,2,1.757549163E9,2,1.757549163E9,2
SawSee,36,male,Gauteng,black,2,1.757549002E9,2,1.757549002E9,2
Cartoon Network,36,female,Gauteng,black,2,1.7575497615E9,2,1.7575497615E9,2
Supersport Live Events,45,male,Western Cape,other,2,1.757548905E9,2,1.757548905E9,2
SuperSport Blitz,26,male,Gauteng,white,2,1.757549203E9,2,1.757549203E9,2
Cartoon Network,20,male,Gauteng,white,2,1.7575488955E9,2,1.7575488955E9,2
ICC Cricket World Cup 2011,29,male,Western Cape,white,2,1.757548955E9,2,1.757548955E9,2
Supersport Live Events,18,male,Free State,black,2,1.7575489473333333E9,3,1.7575489473333333E9,3
CNN,35,male,Gauteng,black,2,1.757549729E9,5,1.757549729E9,5
ICC Cricket World Cup 2011,41,male,Gauteng,black,2,1.7575489793333333E9,3,1.7575489793333333E9,3
Break in transmission,22,male,Gauteng,black,2,1.7575488115E9,2,1.7575488115E9,2
Supersport Live Events,27,male,Kwazulu Natal,indian_asian,2,1.7575490785E9,4,1.7575490785E9,4
Africa Magic,42,male,Mpumalanga,black,2,1.757549114E9,2,1.757549114E9,2
SuperSport Blitz,23,male,Kwazulu Natal,black,2,1.7575492693333333E9,3,1.7575492693333333E9,3
Trace TV,25,male,Gauteng,None,2,1.7575488705E9,2,1.7575488705E9,2
SuperSport Blitz,48,male,Gauteng,black,2,1.757549309E9,2,1.757549309E9,2
E! Entertainment,22,male,Western Cape,coloured,2,1.757548995E9,2,1.757548995E9,2
Cartoon Network,27,male,Gauteng,white,2,1.757549589E9,2,1.757549589E9,2
Cartoon Network,33,male,Western Cape,coloured,2,1.7575488465E9,2,1.7575488465E9,2
SuperSport Blitz,47,male,Gauteng,white,2,1.757548872E9,2,1.757548872E9,2
Boomerang,24,male,Gauteng,None,2,1.757549729E9,2,1.757549729E9,2
M-Net,42,male,Gauteng,white,2,1.757549043E9,2,1.757549043E9,2
Channel O,36,male,Gauteng,indian_asian,2,1.7575493715E9,2,1.7575493715E9,2
Africa Magic,22,male,Gauteng,black,2,1.757548919E9,3,1.757548919E9,3
E! Entertainment,24,male,Limpopo,black,2,1.757548956E9,2,1.757548956E9,2
Trace TV,32,male,Western Cape,None,2,1.7575555545E9,2,1.7575555545E9,2
Channel O,32,male,Western Cape,coloured,2,1.75754883E9,2,1.75754883E9,2
SuperSport Blitz,41,male,Kwazulu Natal,None,2,1.7575489193333333E9,3,1.7575489193333333E9,3
Cartoon Network,42,male,North West,black,2,1.757548924E9,3,1.757548924E9,3
SuperSport Blitz,28,male,Eastern Cape,black,2,1.757548913E9,2,1.757548913E9,2
Cartoon Network,23,male,Gauteng,white,2,1.7575488575E9,2,1.7575488575E9,2
Trace TV,22,male,Western Cape,white,2,1.757549322E9,2,1.757549322E9,2
Africa Magic,45,male,Eastern Cape,black,2,1.7575488575E9,4,1.7575488575E9,4
ICC Cricket World Cup 2011,33,male,Mpumalanga,black,2,1.7575488913333333E9,3,1.7575488913333333E9,3
DStv Events 1,40,male,Gauteng,black,2,1.757548985E9,2,1.757548985E9,2
M-Net,38,male,Gauteng,black,2,1.757548937E9,2,1.757548937E9,2
Channel O,28,male,Kwazulu Natal,black,2,1.7575490895E9,2,1.7575490895E9,2
ICC Cricket World Cup 2011,26,male,Gauteng,black,2,1.75754882E9,2,1.75754882E9,2
Cartoon Network,26,female,Gauteng,coloured,2,1.757549016E9,2,1.757549016E9,2
Channel O,29,male,Limpopo,black,2,1.757548923E9,2,1.757548923E9,2
Channel O,32,male,Free State,black,2,1.757548885E9,3,1.757548885E9,3
Boomerang,38,male,Limpopo,indian_asian,2,1.7575489233333333E9,3,1.7575489233333333E9,3
Cartoon Network,23,male,Kwazulu Natal,indian_asian,2,1.7575488565E9,2,1.7575488565E9,2
Boomerang,32,male,Gauteng,white,2,1.7575488176666667E9,3,1.7575488176666667E9,3
Africa Magic,40,female,Gauteng,black,2,1.7575494396666667E9,3,1.7575494396666667E9,3
ICC Cricket World Cup 2011,24,male,Eastern Cape,indian_asian,2,1.7575495513333333E9,3,1.7575495513333333E9,3
Cartoon Network,28,male,Gauteng,coloured,2,1.757549511E9,2,1.757549511E9,2
E! Entertainment,34,female,Gauteng,None,2,1.757552032E9,2,1.757552032E9,2
SuperSport Blitz,60,male,Western Cape,coloured,2,1.757548846E9,2,1.757548846E9,2
Africa Magic,33,female,Mpumalanga,black,2,1.7575488785E9,2,1.7575488785E9,2
ICC Cricket World Cup 2011,32,male,Western Cape,None,2,1.75755268E9,2,1.75755268E9,2
Cartoon Network,29,male,Gauteng,indian_asian,2,1.7575488675E9,2,1.7575488675E9,2
Channel O,54,male,Western Cape,coloured,2,1.757548968E9,2,1.757548968E9,2
CNN,41,male,Gauteng,coloured,2,1.7575490143333333E9,3,1.7575490143333333E9,3
Supersport Live Events,45,male,Gauteng,indian_asian,2,1.7575496E9,4,1.7575496E9,4
Trace TV,27,male,Gauteng,indian_asian,2,1.757548904E9,3,1.757548904E9,3
Boomerang,33,male,Western Cape,coloured,2,1.7575490455E9,2,1.7575490455E9,2
Africa Magic,50,male,Mpumalanga,black,2,1.757549657E9,2,1.757549657E9,2
CNN,49,male,Gauteng,black,2,1.7575491095E9,2,1.7575491095E9,2
SuperSport Blitz,30,male,Western Cape,coloured,2,1.7575488E9,2,1.7575488E9,2
Supersport Live Events,27,male,Eastern Cape,coloured,2,1.757548802E9,4,1.757548802E9,4
Africa Magic,41,male,Mpumalanga,black,2,1.757548848E9,4,1.757548848E9,4
Cartoon Network,28,male,Kwazulu Natal,black,2,1.7575488185E9,2,1.7575488185E9,2
Trace TV,30,male,Kwazulu Natal,black,2,1.7575546455E9,2,1.7575546455E9,2
Channel O,18,male,Limpopo,black,2,1.75754931E9,3,1.75754931E9,3
Trace TV,35,male,Kwazulu Natal,black,2,1.7575488915E9,2,1.7575488915E9,2
SuperSport Blitz,25,male,Limpopo,black,2,1.75754964E9,2,1.75754964E9,2
Supersport Live Events,40,male,Eastern Cape,coloured,2,1.757548817E9,2,1.757548817E9,2
Channel O,35,female,Gauteng,black,2,1.757549286E9,2,1.757549286E9,2
Africa Magic,24,female,Gauteng,black,2,1.757548802E9,2,1.757548802E9,2
ICC Cricket World Cup 2011,26,male,Mpumalanga,black,2,1.7575489145E9,4,1.7575489145E9,4
Africa Magic,43,male,Western Cape,coloured,2,1.7575488665E9,2,1.7575488665E9,2
Trace TV,37,male,Mpumalanga,black,2,1.757549001E9,2,1.757549001E9,2
SuperSport Blitz,28,male,Kwazulu Natal,indian_asian,2,1.757549434E9,2,1.757549434E9,2
SuperSport Blitz,30,male,Mpumalanga,black,2,1.7575491216666667E9,3,1.7575491216666667E9,3
Africa Magic,27,female,Gauteng,black,2,1.757548821E9,2,1.757548821E9,2
DStv Events 1,30,male,Gauteng,None,2,1.757548835E9,2,1.757548835E9,2
Boomerang,28,male,Eastern Cape,black,2,1.75754914E9,2,1.75754914E9,2
Boomerang,38,male,Gauteng,indian_asian,2,1.75754894E9,3,1.75754894E9,3
M-Net,32,male,Kwazulu Natal,black,2,1.75754882E9,2,1.75754882E9,2
Africa Magic,30,male,North West,black,2,1.7575488495E9,2,1.7575488495E9,2
Africa Magic,35,female,Kwazulu Natal,black,2,1.757548855142857E9,7,1.757548855142857E9,7
ICC Cricket World Cup 2011,47,male,Kwazulu Natal,indian_asian,2,1.75754886E9,2,1.75754886E9,2
E! Entertainment,32,male,Gauteng,white,2,1.757549227E9,4,1.757549227E9,4
SuperSport Blitz,25,male,Kwazulu Natal,indian_asian,2,1.7575489246666667E9,3,1.7575489246666667E9,3
Trace TV,26,male,Gauteng,white,2,1.757548855E9,3,1.757548855E9,3
Trace TV,30,male,Gauteng,indian_asian,2,1.7575492095E9,2,1.7575492095E9,2
Trace TV,30,male,Mpumalanga,black,2,1.7575491792E9,5,1.7575491792E9,5
Cartoon Network,40,male,Gauteng,black,2,1.757548805E9,2,1.757548805E9,2
Cartoon Network,24,male,Western Cape,white,2,1.757548877E9,2,1.757548877E9,2
Boomerang,26,male,Mpumalanga,black,2,1.7575496446E9,5,1.7575496446E9,5
Channel O,40,male,Gauteng,black,2,1.757549565E9,4,1.757549565E9,4
Boomerang,30,male,Limpopo,black,2,1.757549364E9,2,1.757549364E9,2
Trace TV,32,male,North West,black,2,1.75754905575E9,4,1.75754905575E9,4
Supersport Live Events,42,male,Western Cape,black,2,1.7575488815E9,4,1.7575488815E9,4
Supersport Live Events,25,male,Kwazulu Natal,indian_asian,2,1.757549701E9,4,1.757549701E9,4
ICC Cricket World Cup 2011,35,male,Western Cape,None,2,1.757548863E9,2,1.757548863E9,2
Supersport Live Events,39,male,Eastern Cape, ,2,1.757549216E9,2,1.757549216E9,2
Boomerang,44,male,Western Cape,coloured,2,1.757549336E9,2,1.757549336E9,2
Boomerang,24,male,Limpopo,black,2,1.757548942E9,2,1.757548942E9,2
Channel O,34,male,North West,black,2,1.7575529895E9,2,1.7575529895E9,2
Boomerang,42,male,Gauteng,white,2,1.757548892E9,2,1.757548892E9,2
Channel O,43,male,Gauteng,coloured,2,1.757548896E9,2,1.757548896E9,2
CNN,29,male,Gauteng,white,2,1.7575488025E9,2,1.7575488025E9,2
Cartoon Network,23,male,Mpumalanga,black,2,1.7575488885E9,2,1.7575488885E9,2
Cartoon Network,39,male,Northern Cape,black,2,1.757548833E9,2,1.757548833E9,2
Trace TV,36,male,Kwazulu Natal,indian_asian,2,1.757549561E9,3,1.757549561E9,3
ICC Cricket World Cup 2011,29,male,Mpumalanga,indian_asian,2,1.757551485E9,4,1.757551485E9,4
Africa Magic,34,male,Mpumalanga,black,2,1.7575488235E9,2,1.7575488235E9,2
Supersport Live Events,34,male,Northern Cape,indian_asian,2,1.757549079E9,2,1.757549079E9,2
Cartoon Network,37,male,Gauteng,None,2,1.7575488335E9,2,1.7575488335E9,2
Africa Magic,32,male,Free State,black,2,1.7575488095E9,2,1.7575488095E9,2
Supersport Live Events,24,male,Western Cape,black,2,1.757549018E9,3,1.757549018E9,3
Trace TV,59,male,Western Cape,coloured,2,1.757549514E9,4,1.757549514E9,4
Africa Magic,52,male,Gauteng,black,2,1.757548809E9,3,1.757548809E9,3
Channel O,39,male,Northern Cape,coloured,2,1.757549143E9,3,1.757549143E9,3
Supersport Live Events,40,male,Mpumalanga,indian_asian,2,1.757552115E9,2,1.757552115E9,2
Africa Magic,27,male,Western Cape,black,2,1.7575488123333333E9,3,1.7575488123333333E9,3
Trace TV,28,male,Kwazulu Natal,indian_asian,2,1.757551347E9,3,1.757551347E9,3
SuperSport Blitz,33,male,Mpumalanga,indian_asian,2,1.757549006E9,2,1.757549006E9,2
ICC Cricket World Cup 2011,42,male,Kwazulu Natal,coloured,2,1.757552881E9,2,1.757552881E9,2
Trace TV,33,male,Kwazulu Natal,indian_asian,2,1.7575496535E9,2,1.7575496535E9,2
ICC Cricket World Cup 2011,24,male,Mpumalanga,black,2,1.7575489505E9,4,1.7575489505E9,4
SuperSport Blitz,34,male,Western Cape,black,2,1.757549077E9,2,1.757549077E9,2
Boomerang,32,male,Limpopo,indian_asian,2,1.7575488E9,2,1.7575488E9,2
Cartoon Network,44,male,Gauteng,indian_asian,2,1.757548853E9,2,1.757548853E9,2
Channel O,24,male,Gauteng,coloured,2,1.757549121E9,2,1.757549121E9,2
Channel O,19,male,Gauteng,black,2,1.757549058E9,3,1.757549058E9,3
Cartoon Network,40,male,Kwazulu Natal,black,2,1.7575488545E9,2,1.7575488545E9,2
ICC Cricket World Cup 2011,31,male,Mpumalanga,indian_asian,2,1.757551119E9,4,1.757551119E9,4
ICC Cricket World Cup 2011,33,male,Gauteng,None,2,1.757548948E9,3,1.757548948E9,3
ICC Cricket World Cup 2011,30,male,Western Cape,white,2,1.757552587E9,2,1.757552587E9,2
ICC Cricket World Cup 2011,26,male,Gauteng,None,2,1.757549529E9,2,1.757549529E9,2
ICC Cricket World Cup 2011,26,male,Kwazulu Natal,indian_asian,2,1.7575513675E9,4,1.7575513675E9,4
Supersport Live Events,27,male,Limpopo,indian_asian,2,1.757548867E9,2,1.757548867E9,2
E! Entertainment,26,male,Gauteng,black,2,1.7575488606666667E9,3,1.7575488606666667E9,3
ICC Cricket World Cup 2011,19,male,Gauteng,indian_asian,2,1.757549756E9,2,1.757549756E9,2
ICC Cricket World Cup 2011,27,male,Gauteng,coloured,2,1.757550066E9,2,1.757550066E9,2
ICC Cricket World Cup 2011,43,male,Limpopo,indian_asian,2,1.757548804E9,2,1.757548804E9,2
Boomerang,32,male,Kwazulu Natal,black,2,1.7575488393333333E9,3,1.7575488393333333E9,3
SuperSport Blitz,33,male,Gauteng,white,2,1.757549028E9,2,1.757549028E9,2
Cartoon Network,27,male,Mpumalanga,black,2,1.757548822E9,2,1.757548822E9,2
Africa Magic,31,male,Kwazulu Natal,black,2,1.757548853E9,2,1.757548853E9,2
Supersport Live Events,39,male,Western Cape,white,2,1.75754893E9,2,1.75754893E9,2
DStv Events 1,43,male,Western Cape,coloured,2,1.7575488733333333E9,3,1.7575488733333333E9,3
SuperSport Blitz,25,male,North West,black,2,1.75754942E9,2,1.75754942E9,2
Channel O,39,male,Eastern Cape,black,2,1.757549151E9,3,1.757549151E9,3
Trace TV,39,male,Gauteng,black,2,1.7575490715E9,2,1.7575490715E9,2
Supersport Live Events,28,male,Eastern Cape,black,2,1.75754911E9,2,1.75754911E9,2
ICC Cricket World Cup 2011,28,male,Gauteng,white,2,1.757549212E9,2,1.757549212E9,2
Africa Magic,32,female,Kwazulu Natal,black,2,1.7575497696666667E9,3,1.7575497696666667E9,3
SawSee,18,male,Gauteng,white,2,1.757548824E9,2,1.757548824E9,2
Channel O,21,male,Gauteng,coloured,2,1.7575489455E9,2,1.7575489455E9,2
ICC Cricket World Cup 2011,35,male,Western Cape,white,2,1.7575491253333333E9,3,1.7575491253333333E9,3
Supersport Live Events,56,male,Gauteng,None,2,1.757548932E9,2,1.757548932E9,2
Supersport Live Events,43,male,Kwazulu Natal,black,2,1.7575511268E9,5,1.7575511268E9,5
Supersport Live Events,38,male,Gauteng,coloured,2,1.757553622E9,2,1.757553622E9,2
Trace TV,18,female,Gauteng,black,2,1.757549121E9,2,1.757549121E9,2
SawSee,41,male,Gauteng,white,2,1.757548854E9,2,1.757548854E9,2
Trace TV,22,male,Kwazulu Natal,black,2,1.757548923E9,2,1.757548923E9,2
SuperSport Blitz,34,male,Gauteng,indian_asian,2,1.7575498245E9,4,1.7575498245E9,4
Supersport Live Events,26,female,Gauteng,None,2,1.757548882E9,2,1.757548882E9,2
Trace TV,24,male,Western Cape,black,2,1.7575491882E9,5,1.7575491882E9,5
E! Entertainment,37,male,Western Cape,coloured,2,1.7575514946666667E9,3,1.7575514946666667E9,3
ICC Cricket World Cup 2011,23,male,Limpopo,indian_asian,2,1.757549273E9,4,1.757549273E9,4
CNN,40,male,Limpopo,black,2,1.757549169E9,2,1.757549169E9,2
Boomerang,25,male,Limpopo,black,2,1.757548885E9,2,1.757548885E9,2
Trace TV,25,male,Mpumalanga,black,2,1.757549904E9,2,1.757549904E9,2
Supersport Live Events,34,male,Western Cape,black,2,1.757549678E9,4,1.757549678E9,4
SuperSport Blitz,39,male,Eastern Cape,black,2,1.757548937E9,2,1.757548937E9,2
Boomerang,36,male,Eastern Cape,white,2,1.757548844E9,2,1.757548844E9,2
Supersport Live Events,20,male,North West,black,2,1.7575488786666667E9,3,1.7575488786666667E9,3
Boomerang,24,male,Gauteng,white,2,1.7575492785E9,6,1.7575492785E9,6
Vuzu,22,male,Gauteng,black,2,1.757548903E9,2,1.757548903E9,2
ICC Cricket World Cup 2011,32,male,Gauteng,white,2,1.7575494912E9,5,1.7575494912E9,5
Cartoon Network,31,male,Gauteng,black,2,1.7575501413333333E9,3,1.7575501413333333E9,3
Channel O,31,male,Kwazulu Natal,black,2,1.757549811E9,3,1.757549811E9,3
SuperSport Blitz,37,male,Western Cape,coloured,2,1.7575496356E9,5,1.7575496356E9,5
Supersport Live Events,32,male,Kwazulu Natal,black,2,1.7575522312E9,5,1.7575522312E9,5
Supersport Live Events,56,male,Gauteng,black,2,1.757548883E9,4,1.757548883E9,4
ICC Cricket World Cup 2011,31,male,Gauteng,white,2,1.75754901E9,2,1.75754901E9,2
Supersport Live Events,26,male,Mpumalanga,black,2,1.757549087E9,2,1.757549087E9,2
SuperSport Blitz,43,male,Western Cape,coloured,2,1.757548849E9,2,1.757548849E9,2
Cartoon Network,36,male,Gauteng,indian_asian,2,1.7575490255E9,2,1.7575490255E9,2
ICC Cricket World Cup 2011,39,male,Gauteng,None,2,1.757548953E9,2,1.757548953E9,2
SuperSport Blitz,33,male,Mpumalanga,black,2,1.7575489513333333E9,3,1.7575489513333333E9,3
SuperSport Blitz,46,male,Gauteng,white,2,1.757548848E9,2,1.757548848E9,2
Cartoon Network,29,male,Western Cape,None,2,1.7575488495E9,2,1.7575488495E9,2
SawSee,38,male,Gauteng,indian_asian,2,1.7575489545E9,2,1.7575489545E9,2
Channel O,24,male,Western Cape,coloured,2,1.7575497465E9,4,1.7575497465E9,4
SuperSport Blitz,29,male,Limpopo,indian_asian,2,1.7575488566666667E9,3,1.7575488566666667E9,3
CNN,28,male,Gauteng,black,2,1.757548916E9,2,1.757548916E9,2
ICC Cricket World Cup 2011,42,male,Gauteng,indian_asian,2,1.7575489973333333E9,3,1.7575489973333333E9,3
Channel O,16,male,Gauteng,black,2,1.7575495665E9,2,1.7575495665E9,2
ICC Cricket World Cup 2011,24,male,North West,white,2,1.757549052E9,2,1.757549052E9,2
Boomerang,21,male,Mpumalanga,white,2,1.7575488523333333E9,3,1.7575488523333333E9,3
ICC Cricket World Cup 2011,23,male,Gauteng,indian_asian,2,1.75754898E9,2,1.75754898E9,2
Cartoon Network,28,male,Limpopo,white,2,1.7575488015E9,2,1.7575488015E9,2
Supersport Live Events,29,female,Gauteng,black,2,1.757548805E9,2,1.757548805E9,2
Boomerang,43,male,Gauteng,None,2,1.757548855E9,3,1.757548855E9,3
CNN,36,male,Gauteng,white,2,1.7575503775E9,2,1.7575503775E9,2
Trace TV,24,male,Mpumalanga,white,2,1.757549217E9,2,1.757549217E9,2
CNN,29,male,Gauteng,black,2,1.7575489035E9,4,1.7575489035E9,4
ICC Cricket World Cup 2011,50,male,Western Cape,None,2,1.757549038E9,3,1.757549038E9,3
Trace TV,14,male,Gauteng,coloured,2,1.757549108E9,3,1.757549108E9,3
Cartoon Network,22,male,Kwazulu Natal,indian_asian,2,1.7575490303333333E9,3,1.7575490303333333E9,3
SuperSport Blitz,29,male,Gauteng,indian_asian,2,1.757548858E9,2,1.757548858E9,2
E! Entertainment,29,male,Limpopo,indian_asian,2,1.757549248E9,3,1.757549248E9,3
Channel O,23,male,Western Cape,coloured,2,1.757548899E9,2,1.757548899E9,2
Channel O,38,male,Western Cape,coloured,2,1.757548986E9,2,1.757548986E9,2
Cartoon Network,24,male,Gauteng,None,2,1.75754888025E9,4,1.75754888025E9,4
Cartoon Network,21,male,Gauteng,white,2,1.7575490986666667E9,3,1.7575490986666667E9,3
Supersport Live Events,27,female,Western Cape,white,2,1.7575490593333333E9,6,1.7575490593333333E9,6
Cartoon Network,26,male,Kwazulu Natal,indian_asian,2,1.757548849E9,2,1.757548849E9,2
ICC Cricket World Cup 2011,40,male,Gauteng,indian_asian,2,1.757549024E9,4,1.757549024E9,4
Africa Magic,21,male,Gauteng,black,2,1.757548976E9,2,1.757548976E9,2
ICC Cricket World Cup 2011,30,female,Gauteng,indian_asian,2,1.757550562E9,2,1.757550562E9,2
Africa Magic,29,male,Gauteng,white,2,1.7575489085E9,2,1.7575489085E9,2
SuperSport Blitz,24,male,Gauteng,indian_asian,2,1.75754913125E9,4,1.75754913125E9,4
SuperSport Blitz,27,male,North West,black,2,1.757549576E9,2,1.757549576E9,2
Cartoon Network,26,male,Gauteng,black,2,1.7575488045E9,2,1.7575488045E9,2
Supersport Live Events,38,male,Mpumalanga,black,2,1.757549069E9,2,1.757549069E9,2
Boomerang,34,male,North West,black,2,1.7575489195E9,2,1.7575489195E9,2
Africa Magic,46,male,Kwazulu Natal,black,2,1.75754882E9,4,1.75754882E9,4
Cartoon Network,18,male,Gauteng,white,2,1.757548834E9,2,1.757548834E9,2
SuperSport Blitz,26,male,Limpopo,indian_asian,2,1.757549116E9,2,1.757549116E9,2
Channel O,18,male,Free State,black,2,1.7575489535E9,6,1.7575489535E9,6
SuperSport Blitz,41,male,Western Cape,coloured,2,1.757549295E9,2,1.757549295E9,2
Channel O,44,male,Western Cape,None,2,1.757548947E9,2,1.757548947E9,2
Supersport Live Events,47,male,Kwazulu Natal,black,2,1.7575488485E9,4,1.7575488485E9,4
Africa Magic,38,male,Mpumalanga,black,2,1.757549432E9,2,1.757549432E9,2
Trace TV,58,male,Western Cape,coloured,2,1.7575501815E9,2,1.7575501815E9,2
Trace TV,29,male,Western Cape,coloured,2,1.7575497795E9,2,1.7575497795E9,2
Trace TV,22,male,Western Cape,None,2,1.7575493734285715E9,7,1.7575493734285715E9,7
Channel O,34,male,Western Cape,black,2,1.757548839E9,2,1.757548839E9,2
SawSee,30,male,Gauteng,indian_asian,2,1.7575488935E9,2,1.7575488935E9,2
Cartoon Network,31,male,Gauteng,coloured,2,1.7575489493333333E9,3,1.7575489493333333E9,3
SuperSport Blitz,25,male,Gauteng,indian_asian,2,1.757549432E9,5,1.757549432E9,5
Trace TV,40,male,Gauteng,black,2,1.7575489035E9,2,1.7575489035E9,2
Cartoon Network,41,male,Gauteng,white,2,1.7575495366666667E9,3,1.7575495366666667E9,3
Cartoon Network,19,male,Mpumalanga,black,2,1.75754886E9,2,1.75754886E9,2
SuperSport Blitz,36,male,Limpopo,indian_asian,2,1.757548923E9,2,1.757548923E9,2
Boomerang,23,male,Western Cape,coloured,2,1.75754887E9,2,1.75754887E9,2
Supersport Live Events,31,male,Kwazulu Natal,white,2,1.757548875E9,2,1.757548875E9,2
Cartoon Network,15,male,Kwazulu Natal,black,2,1.75754884E9,2,1.75754884E9,2
Africa Magic,29,male,North West,black,2,1.7575488325E9,2,1.7575488325E9,2
Africa Magic,36,male,Mpumalanga,black,2,1.757548955E9,2,1.757548955E9,2
Supersport Live Events,26,male,Mpumalanga,white,2,1.7575512766666667E9,6,1.7575512766666667E9,6
Supersport Live Events,48,male,Kwazulu Natal,indian_asian,2,1.7575496133333333E9,3,1.7575496133333333E9,3
Supersport Live Events,29,female,Mpumalanga,black,2,1.75754921E9,3,1.75754921E9,3
Channel O,28,male,Eastern Cape,coloured,2,1.7575492695E9,4,1.7575492695E9,4
SuperSport Blitz,37,male,Gauteng,white,2,1.757549023E9,2,1.757549023E9,2
CNN,42,male,Western Cape,black,2,1.757548866E9,2,1.757548866E9,2
Channel O,28,male,Eastern Cape,black,2,1.7575493748E9,5,1.7575493748E9,5
Africa Magic,39,female,Gauteng,black,2,1.7575488345E9,2,1.7575488345E9,2
Boomerang,37,female,Gauteng,white,2,1.7575488915E9,2,1.7575488915E9,2
Cartoon Network,37,male,Kwazulu Natal,indian_asian,2,1.757548905E9,4,1.757548905E9,4
SawSee,41,male,Mpumalanga,black,2,1.757548863E9,2,1.757548863E9,2
ICC Cricket World Cup 2011,44,male,Gauteng,white,2,1.757549733E9,2,1.757549733E9,2
ICC Cricket World Cup 2011,44,male,Gauteng,indian_asian,2,1.75754935E9,3,1.75754935E9,3
Channel O,29,male,Mpumalanga,black,2,1.757549247E9,3,1.757549247E9,3
Trace TV,21,male,Gauteng,coloured,2,1.757550732E9,4,1.757550732E9,4
SuperSport Blitz,18,male,Free State,black,2,1.7575491456E9,5,1.7575491456E9,5
Africa Magic,27,male,Western Cape,coloured,2,1.7575489973333333E9,3,1.7575489973333333E9,3
ICC Cricket World Cup 2011,39,male,Western Cape,None,2,1.7575515565E9,4,1.7575515565E9,4
Boomerang,38,male,Mpumalanga,white,2,1.757548829E9,3,1.757548829E9,3
Africa Magic,22,male,Limpopo,black,2,1.7575488205E9,2,1.7575488205E9,2
Supersport Live Events,45,male,Eastern Cape,black,2,1.7575491745E9,4,1.7575491745E9,4
Boomerang,36,male,Gauteng,None,2,1.7575488365E9,2,1.7575488365E9,2
Cartoon Network,33,female,Gauteng,black,2,1.7575492405E9,2,1.7575492405E9,2
Cartoon Network,34,male,Limpopo,indian_asian,2,1.7575488145E9,2,1.7575488145E9,2
Channel O,38,male,Western Cape,black,2,1.7575502935E9,6,1.7575502935E9,6
Channel O,35,male,Western Cape,black,2,1.757548893E9,2,1.757548893E9,2
Channel O,22,male,Western Cape,coloured,2,1.7575493025E9,2,1.7575493025E9,2
Supersport Live Events,25,male,North West,black,2,1.7575489966666667E9,3,1.7575489966666667E9,3
Trace TV,45,male,Gauteng,black,2,1.757549178E9,2,1.757549178E9,2
SuperSport Blitz,33,male,Western Cape,None,2,1.75754901E9,2,1.75754901E9,2
Cartoon Network,35,female,Western Cape,coloured,2,1.75754888E9,2,1.75754888E9,2
Cartoon Network,38,male,Gauteng,black,2,1.757549255E9,2,1.757549255E9,2
ICC Cricket World Cup 2011,45,male,Gauteng,white,2,1.757551451E9,2,1.757551451E9,2
ICC Cricket World Cup 2011,27,male,Eastern Cape,indian_asian,2,1.757552048E9,3,1.757552048E9,3
CNN,26,female,Gauteng,None,2,1.7575488493333333E9,3,1.7575488493333333E9,3
SawSee,32,male,Gauteng,black,2,1.757549497E9,2,1.757549497E9,2
Channel O,41,male,Kwazulu Natal,black,2,1.7575491915E9,2,1.7575491915E9,2
Break in transmission,32,male,Western Cape,coloured,2,1.757548836E9,2,1.757548836E9,2
Boomerang,40,male,Gauteng,black,2,1.7575500265E9,2,1.7575500265E9,2
ICC Cricket World Cup 2011,24,male,Mpumalanga,white,2,1.757550419E9,4,1.757550419E9,4
SuperSport Blitz,35,female,Mpumalanga,black,2,1.7575488E9,2,1.7575488E9,2
SuperSport Blitz,43,male,Gauteng,black,2,1.75754882E9,2,1.75754882E9,2
Break in transmission,28,male,Kwazulu Natal,indian_asian,2,1.7575489765E9,2,1.7575489765E9,2
E! Entertainment,35,male,Mpumalanga,black,2,1.757548971E9,2,1.757548971E9,2
CNN,30,male,Western Cape,coloured,2,1.7575489055E9,2,1.7575489055E9,2
Supersport Live Events,32,male,Mpumalanga,coloured,2,1.7575490908E9,5,1.7575490908E9,5
Cartoon Network,41,male,Mpumalanga,black,2,1.757549048E9,2,1.757549048E9,2
ICC Cricket World Cup 2011,35,male,Eastern Cape,black,2,1.7575494573333333E9,3,1.7575494573333333E9,3
Channel O,40,male,North West,black,2,1.7575488225E9,2,1.7575488225E9,2
E! Entertainment,38,male,Western Cape,coloured,2,1.757550259E9,2,1.757550259E9,2
Boomerang,42,male,Western Cape,coloured,2,1.757548888E9,2,1.757548888E9,2
Boomerang,37,male,Western Cape,coloured,2,1.757548853E9,2,1.757548853E9,2
CNN,31,male,Limpopo,indian_asian,2,1.757548886E9,3,1.757548886E9,3
Trace TV,31,male,Kwazulu Natal,black,2,1.757549232E9,2,1.757549232E9,2
SuperSport Blitz,41,male,Gauteng,black,2,1.757549288E9,2,1.757549288E9,2
Trace TV,21,male,Gauteng,white,2,1.757548893E9,2,1.757548893E9,2
Channel O,40,male,Mpumalanga,black,2,1.7575521075E9,2,1.7575521075E9,2
Supersport Live Events,33,male,Eastern Cape,white,2,1.757549149E9,2,1.757549149E9,2
Channel O,41,male,Gauteng,indian_asian,2,1.757548929E9,2,1.757548929E9,2
CNN,34,male,Gauteng,indian_asian,2,1.7575503705E9,4,1.7575503705E9,4
SuperSport Blitz,42,male,Kwazulu Natal,black,2,1.757549388E9,2,1.757549388E9,2
Cartoon Network,44,male,Western Cape,coloured,2,1.757548935E9,2,1.757548935E9,2
Trace TV,22,male,Kwazulu Natal,None,2,1.7575490164285715E9,7,1.7575490164285715E9,7
ICC Cricket World Cup 2011,23,male,Eastern Cape,indian_asian,2,1.75754886E9,3,1.75754886E9,3
Trace TV,27,male,Western Cape,black,2,1.757548893E9,3,1.757548893E9,3
CNN,30,male,Gauteng,black,2,1.7575495366666667E9,3,1.7575495366666667E9,3
Supersport Live Events,32,male,Eastern Cape,black,2,1.75754881E9,2,1.75754881E9,2
Supersport Live Events,36,male,Kwazulu Natal,indian_asian,2,1.7575490757142856E9,7,1.7575490757142856E9,7
Supersport Live Events,26,male,Limpopo,black,2,1.757548846E9,2,1.757548846E9,2
SuperSport Blitz,41,male,Eastern Cape,black,2,1.757548993E9,2,1.757548993E9,2
Africa Magic,36,female,Western Cape,black,2,1.757548898E9,2,1.757548898E9,2
SuperSport Blitz,49,male,Western Cape,black,2,1.757548934E9,2,1.757548934E9,2
Channel O,56,male,Gauteng,black,2,1.7575490205E9,2,1.7575490205E9,2
MK,0,None,None,None,2,1.7575490615E9,2,1.7575490615E9,2
Africa Magic,22,male,Mpumalanga,black,2,1.757549623E9,2,1.757549623E9,2
Channel O,50,male,Eastern Cape,black,2,1.7575488525E9,2,1.7575488525E9,2
DStv Events 1,41,male,Gauteng,indian_asian,2,1.7575488475E9,2,1.7575488475E9,2
ICC Cricket World Cup 2011,42,male,Western Cape,coloured,2,1.75754894E9,3,1.75754894E9,3
ICC Cricket World Cup 2011,46,male,Gauteng,white,2,1.757550498E9,2,1.757550498E9,2
Supersport Live Events,23,male,Gauteng,indian_asian,2,1.757550268E9,2,1.757550268E9,2
Trace TV,40,male,Kwazulu Natal,black,2,1.757548877E9,3,1.757548877E9,3
Channel O,35,male,Mpumalanga,black,2,1.757549235E9,3,1.757549235E9,3
SuperSport Blitz,32,male,Limpopo,indian_asian,2,1.757548996E9,2,1.757548996E9,2
Africa Magic,28,male,Kwazulu Natal,black,2,1.757549176857143E9,7,1.757549176857143E9,7
Supersport Live Events,22,male,Gauteng,indian_asian,2,1.757548823E9,2,1.757548823E9,2
M-Net,34,male,Gauteng,black,2,1.7575488875E9,2,1.7575488875E9,2
SuperSport Blitz,22,male,Mpumalanga,black,2,1.757548884E9,4,1.757548884E9,4
